ts,potus
2019-01-07 18:45:06,1
2019-01-06 22:03:27,1
2019-01-06 15:28:15,1
2019-01-06 15:28:13,1
2019-01-06 15:28:09,1
2019-01-06 02:16:01,1
2019-01-06 02:16:00,1
2019-01-05 21:07:24,1
2019-01-05 21:07:22,1
2019-01-05 21:07:20,1
2019-01-05 18:13:21,1
2019-01-05 18:13:10,1
2019-01-05 18:13:02,1
2019-01-05 18:13:01,1
2019-01-04 20:38:19,1
2019-01-03 20:30:29,1
2019-01-02 13:03:58,1
2019-01-02 01:07:49,1
2019-01-01 23:40:02,1
2019-01-01 23:40:00,1
2019-01-01 23:39:58,1
2019-01-01 23:39:57,1
2019-01-01 23:39:51,1
2019-01-01 18:12:45,1
2019-01-01 18:12:44,1
2019-01-01 18:12:33,1
2019-01-01 02:02:03,1
2019-01-01 02:01:58,1
2019-01-01 02:01:56,1
2019-01-01 02:01:52,1
2018-12-31 23:53:45,1
2018-12-31 20:56:05,1
2018-12-31 18:02:56,1
2018-12-31 18:02:54,1
2018-12-31 18:02:53,1
2018-12-31 18:02:50,1
2018-12-30 21:44:47,1
2018-12-30 21:44:46,1
2018-12-30 04:21:11,1
2018-12-30 04:21:09,1
2018-12-29 23:08:56,1
2018-12-29 23:08:53,1
2018-12-29 23:08:51,1
2018-12-29 23:08:48,1
2018-12-29 17:44:26,1
2018-12-29 17:44:24,1
2018-12-27 21:05:54,1
2018-12-27 21:05:52,1
2018-12-27 21:05:40,1
2018-12-27 21:05:39,1
2018-12-27 21:05:35,1
2018-12-26 22:18:30,1
2018-12-26 22:18:03,1
2018-12-26 22:17:49,1
2018-12-26 21:16:10,1
2018-12-25 02:28:22,1
2018-12-24 23:28:55,1
2018-12-24 21:43:49,1
2018-12-24 21:43:48,1
2018-12-24 21:43:47,1
2018-12-24 21:43:39,1
2018-12-24 21:15:41,1
2018-12-24 21:15:40,1
2018-12-24 21:15:26,1
2018-12-24 21:15:22,1
2018-12-24 04:06:33,1
2018-12-24 04:02:40,1
2018-12-24 04:02:38,1
2018-12-23 23:07:41,1
2018-12-23 23:07:38,1
2018-12-23 23:07:30,1
2018-12-23 23:07:21,1
2018-12-23 17:15:21,1
2018-12-23 17:15:11,1
2018-12-23 17:15:00,1
2018-12-23 02:25:56,1
2018-12-23 02:25:55,1
2018-12-23 02:25:42,1
2018-12-22 02:49:28,1
2018-12-22 00:20:06,1
2018-12-21 23:24:03,1
2018-12-21 22:15:29,1
2018-12-21 20:28:07,1
2018-12-21 19:57:02,1
2018-12-21 19:41:24,1
2018-12-21 19:05:58,1
2018-12-21 17:26:24,1
2018-12-21 15:32:47,1
2018-12-21 03:31:50,1
2018-12-21 03:31:48,1
2018-12-21 02:03:46,1
2018-12-20 23:34:18,1
2018-12-20 22:54:41,1
2018-12-20 22:54:40,1
2018-12-20 22:28:47,1
2018-12-20 22:28:45,1
2018-12-20 22:03:58,1
2018-12-20 21:24:28,1
2018-12-20 20:19:00,1
2018-12-20 19:43:16,1
2018-12-20 19:38:38,1
2018-12-20 19:38:31,1
2018-12-20 18:51:06,1
2018-12-20 11:43:51,1
2018-12-20 00:49:19,1
2018-12-19 23:11:34,1
2018-12-19 17:22:33,1
2018-12-19 16:20:24,1
2018-12-19 16:20:22,1
2018-12-19 16:20:20,1
2018-12-19 15:26:24,1
2018-12-19 15:26:18,1
2018-12-19 13:44:03,1
2018-12-19 02:19:03,1
2018-12-19 02:19:02,1
2018-12-18 22:43:49,1
2018-12-18 22:22:24,1
2018-12-18 18:19:29,1
2018-12-18 17:35:31,1
2018-12-18 16:54:40,1
2018-12-18 16:53:54,1
2018-12-18 15:17:05,1
2018-12-18 12:58:43,1
2018-12-17 21:14:53,1
2018-12-17 18:54:01,1
2018-12-17 16:08:09,1
2018-12-17 13:41:25,1
2018-12-17 13:03:48,1
2018-12-16 22:37:25,1
2018-12-15 15:38:33,1
2018-12-15 14:44:33,1
2018-12-15 14:44:32,1
2018-12-15 02:17:24,1
2018-12-15 02:15:07,1
2018-12-15 02:15:06,1
2018-12-14 23:44:24,1
2018-12-14 22:31:42,1
2018-12-14 18:24:50,1
2018-12-14 18:18:39,1
2018-12-14 18:18:37,1
2018-12-14 17:58:30,1
2018-12-14 16:43:32,1
2018-12-14 16:36:26,1
2018-12-14 15:58:47,1
2018-12-14 00:33:55,1
2018-12-13 22:40:31,1
2018-12-13 21:24:25,1
2018-12-13 20:25:40,1
2018-12-13 18:15:04,1
2018-12-13 17:26:05,1
2018-12-13 16:47:33,1
2018-12-13 15:10:40,1
2018-12-13 12:45:35,1
2018-12-13 01:29:27,1
2018-12-12 23:53:36,1
2018-12-12 23:51:08,1
2018-12-12 23:22:36,1
2018-12-12 22:28:50,1
2018-12-12 21:36:26,1
2018-12-12 18:52:18,1
2018-12-12 14:12:30,1
2018-12-12 12:53:26,1
2018-12-12 12:53:23,1
2018-12-11 23:21:20,1
2018-12-11 23:21:18,1
2018-12-11 23:17:33,1
2018-12-11 22:09:52,1
2018-12-11 19:25:27,1
2018-12-11 19:25:25,1
2018-12-11 16:22:13,1
2018-12-10 20:40:36,1
2018-12-08 23:31:53,1
2018-12-08 23:23:26,1
2018-12-08 20:57:15,1
2018-12-08 19:09:44,1
2018-12-08 14:22:13,1
2018-12-08 14:22:11,1
2018-12-08 04:08:12,1
2018-12-07 23:27:31,1
2018-12-07 23:07:59,1
2018-12-07 19:39:55,1
2018-12-07 18:49:36,1
2018-12-07 17:34:39,1
2018-12-07 16:19:41,1
2018-12-07 16:19:40,1
2018-12-07 16:19:38,1
2018-12-07 16:04:14,1
2018-12-07 15:33:22,1
2018-12-07 14:48:17,1
2018-12-07 13:24:49,1
2018-12-07 00:59:30,1
2018-12-07 00:59:24,1
2018-12-06 23:38:31,1
2018-12-06 21:41:14,1
2018-12-06 17:08:25,1
2018-12-06 03:33:37,1
2018-12-06 02:25:55,1
2018-12-06 00:09:30,1
2018-12-05 16:45:36,1
2018-12-05 14:45:56,1
2018-12-05 13:58:16,1
2018-12-05 13:52:02,1
2018-12-05 13:52:01,1
2018-12-05 00:57:27,1
2018-12-05 00:23:51,1
2018-12-05 00:23:49,1
2018-12-04 22:57:06,1
2018-12-04 22:57:05,1
2018-12-04 19:13:15,1
2018-12-04 17:46:34,1
2018-12-04 14:56:55,1
2018-12-04 14:56:54,1
2018-12-04 14:23:53,1
2018-12-04 02:23:03,1
2018-12-03 19:43:30,1
2018-12-03 16:38:36,1
2018-12-03 13:46:01,1
2018-12-03 13:32:28,1
2018-12-03 13:32:26,1
2018-12-03 13:11:27,1
2018-12-03 13:11:23,1
2018-12-02 20:17:44,1
2018-12-02 15:01:07,1
2018-12-01 15:26:38,1
2018-12-01 15:23:33,1
2018-12-01 15:23:32,1
2018-12-01 05:50:26,1
2018-12-01 02:04:28,1
2018-12-01 00:45:08,1
2018-11-30 22:35:38,1
2018-11-30 21:08:36,1
2018-11-30 20:20:17,1
2018-11-30 20:04:28,1
2018-11-30 19:15:38,1
2018-11-30 17:31:46,1
2018-11-30 15:07:47,1
2018-11-30 13:54:05,1
2018-11-30 13:54:03,1
2018-11-30 13:15:46,1
2018-11-30 12:18:25,1
2018-11-30 03:32:25,1
2018-11-30 01:42:43,1
2018-11-30 01:23:31,1
2018-11-29 23:20:46,1
2018-11-29 22:48:47,1
2018-11-29 20:06:40,1
2018-11-29 18:34:13,1
2018-11-29 17:39:21,1
2018-11-29 17:01:56,1
2018-11-29 16:45:20,1
2018-11-29 16:35:39,1
2018-11-29 16:35:37,1
2018-11-29 15:26:15,1
2018-11-29 12:33:07,1
2018-11-28 23:43:07,1
2018-11-28 23:33:29,1
2018-11-28 21:52:44,1
2018-11-28 19:13:26,1
2018-11-28 14:50:13,1
2018-11-28 14:45:31,1
2018-11-28 14:21:33,1
2018-11-28 14:14:09,1
2018-11-27 22:59:18,1
2018-11-27 19:32:31,1
2018-11-27 19:13:43,1
2018-11-27 16:51:48,1
2018-11-27 01:42:56,1
2018-11-27 01:42:53,1
2018-11-27 01:42:52,1
2018-11-27 00:50:57,1
2018-11-26 19:46:39,1
2018-11-26 18:30:40,1
2018-11-26 14:53:21,1
2018-11-26 14:07:36,1
2018-11-25 13:47:43,1
2018-11-25 13:29:32,1
2018-11-25 13:17:52,1
2018-11-25 12:15:08,1
2018-11-24 22:04:35,1
2018-11-24 22:04:22,1
2018-11-23 23:49:05,1
2018-11-23 12:58:01,1
2018-11-22 21:27:12,1
2018-11-22 19:22:17,1
2018-11-22 17:05:25,1
2018-11-22 15:18:24,1
2018-11-22 15:18:18,1
2018-11-22 14:43:33,1
2018-11-22 14:43:27,1
2018-11-22 13:43:19,1
2018-11-22 01:25:25,1
2018-11-21 21:32:19,1
2018-11-21 20:40:41,1
2018-11-21 19:22:16,1
2018-11-21 17:31:40,1
2018-11-21 16:05:11,1
2018-11-21 13:23:37,1
2018-11-21 01:03:17,1
2018-11-20 20:31:18,1
2018-11-20 19:45:01,1
2018-11-20 18:18:04,1
2018-11-20 17:44:24,1
2018-11-20 16:53:54,1
2018-11-20 14:54:13,1
2018-11-20 04:20:29,1
2018-11-19 23:22:33,1
2018-11-19 21:33:27,1
2018-11-19 20:56:19,1
2018-11-19 20:39:51,1
2018-11-19 20:06:09,1
2018-11-19 19:31:31,1
2018-11-19 19:11:47,1
2018-11-19 19:06:35,1
2018-11-19 18:12:04,1
2018-11-19 17:41:32,1
2018-11-19 16:08:39,1
2018-11-19 14:49:37,1
2018-11-19 01:33:58,1
2018-11-18 19:25:01,1
2018-11-18 17:31:19,1
2018-11-18 02:51:08,1
2018-11-17 18:56:25,1
2018-11-17 16:43:13,1
2018-11-17 16:43:11,1
2018-11-17 03:14:49,1
2018-11-17 00:44:42,1
2018-11-17 00:44:41,1
2018-11-16 23:33:31,1
2018-11-16 22:46:52,1
2018-11-16 22:22:36,1
2018-11-16 22:22:34,1
2018-11-16 21:49:05,1
2018-11-16 21:48:59,1
2018-11-16 21:46:18,1
2018-11-16 21:27:27,1
2018-11-16 21:06:09,1
2018-11-16 21:06:07,1
2018-11-16 20:35:12,1
2018-11-16 19:38:11,1
2018-11-16 18:34:48,1
2018-11-16 17:52:33,1
2018-11-16 17:31:18,1
2018-11-16 16:44:19,1
2018-11-15 23:57:52,1
2018-11-15 22:38:42,1
2018-11-15 22:33:47,1
2018-11-15 20:42:31,1
2018-11-15 20:35:21,1
2018-11-15 20:08:57,1
2018-11-15 20:01:44,1
2018-11-15 19:42:40,1
2018-11-15 18:48:15,1
2018-11-15 17:17:19,1
2018-11-15 16:19:17,1
2018-11-15 15:55:37,1
2018-11-15 01:14:27,1
2018-11-14 23:27:45,1
2018-11-14 23:27:36,1
2018-11-14 22:50:18,1
2018-11-14 22:29:14,1
2018-11-14 22:11:40,1
2018-11-14 21:39:48,1
2018-11-14 19:58:46,1
2018-11-14 19:46:52,1
2018-11-14 19:29:32,1
2018-11-14 01:07:28,1
2018-11-13 22:37:33,1
2018-11-13 21:38:59,1
2018-11-13 21:36:19,1
2018-11-13 21:21:52,1
2018-11-13 21:04:56,1
2018-11-13 19:39:58,1
2018-11-13 18:33:30,1
2018-11-13 17:08:24,1
2018-11-13 15:51:18,1
2018-11-13 01:23:14,1
2018-11-13 01:21:35,1
2018-11-12 22:36:55,1
2018-11-12 18:27:27,1
2018-11-12 18:14:14,1
2018-11-12 16:32:16,1
2018-11-12 16:32:11,1
2018-11-12 14:34:37,1
2018-11-12 14:34:36,1
2018-11-12 14:34:29,1
2018-11-12 04:38:52,1
2018-11-11 21:38:23,1
2018-11-11 19:47:05,1
2018-11-11 17:49:28,1
2018-11-11 16:05:21,1
2018-11-11 15:07:54,1
2018-11-11 14:53:40,1
2018-11-11 14:17:20,1
2018-11-11 12:28:08,1
2018-11-10 23:31:26,1
2018-11-10 22:53:28,1
2018-11-10 22:21:27,1
2018-11-10 22:20:38,1
2018-11-10 19:07:37,1
2018-11-10 15:14:42,1
2018-11-10 14:13:36,1
2018-11-10 09:26:47,1
2018-11-10 02:30:27,1
2018-11-09 20:38:27,1
2018-11-09 19:42:19,1
2018-11-09 19:23:51,1
2018-11-09 18:22:21,1
2018-11-09 17:33:16,1
2018-11-09 16:59:52,1
2018-11-09 15:41:12,1
2018-11-09 01:44:10,1
2018-11-08 20:22:04,1
2018-11-08 18:12:30,1
2018-11-08 17:45:54,1
2018-11-08 16:31:27,1
2018-11-07 21:31:40,1
2018-11-07 19:45:23,1
2018-11-07 19:45:21,1
2018-11-07 19:45:07,1
2018-11-07 16:57:35,1
2018-11-07 15:39:48,1
2018-11-06 22:44:25,1
2018-11-06 21:31:51,1
2018-11-06 20:36:49,1
2018-11-06 18:05:24,1
2018-11-06 16:04:35,1
2018-11-06 01:16:10,1
2018-11-05 21:14:20,1
2018-11-05 18:33:56,1
2018-11-04 23:16:34,1
2018-11-04 21:11:38,1
2018-11-04 19:52:39,1
2018-11-03 20:36:28,1
2018-11-03 15:13:55,1
2018-11-02 22:08:34,1
2018-11-02 21:00:03,1
2018-11-02 19:32:30,1
2018-11-02 17:34:37,1
2018-11-02 15:26:16,1
2018-11-02 13:41:45,1
2018-11-01 23:25:48,1
2018-11-01 22:30:20,1
2018-11-01 21:17:57,1
2018-11-01 20:55:21,1
2018-11-01 20:52:46,1
2018-11-01 20:20:04,1
2018-11-01 20:10:24,1
2018-11-01 17:49:41,1
2018-11-01 16:24:30,1
2018-11-01 14:57:52,1
2018-11-01 14:10:00,1
2018-10-31 22:22:05,1
2018-10-31 22:22:03,1
2018-10-31 20:20:29,1
2018-10-31 18:50:54,1
2018-10-31 18:41:20,1
2018-10-31 18:14:38,1
2018-10-31 17:23:37,1
2018-10-31 15:27:37,1
2018-10-31 14:09:14,1
2018-10-31 13:26:08,1
2018-10-31 13:12:09,1
2018-10-31 13:06:16,1
2018-10-31 12:46:33,1
2018-10-31 01:09:31,1
2018-10-30 15:11:52,1
2018-10-29 19:11:44,1
2018-10-29 18:29:17,1
2018-10-29 18:21:31,1
2018-10-29 17:11:23,1
2018-10-29 12:37:40,1
2018-10-27 19:57:45,1
2018-10-27 19:44:51,1
2018-10-27 19:36:26,1
2018-10-27 19:22:11,1
2018-10-27 16:31:32,1
2018-10-27 16:01:48,1
2018-10-27 15:57:39,1
2018-10-27 01:21:01,1
2018-10-26 23:56:57,1
2018-10-26 23:16:14,1
2018-10-26 19:38:27,1
2018-10-26 18:49:21,1
2018-10-26 18:49:19,1
2018-10-26 18:00:05,1
2018-10-26 17:25:55,1
2018-10-26 16:01:16,1
2018-10-26 15:56:11,1
2018-10-26 15:45:43,1
2018-10-26 15:42:06,1
2018-10-26 15:39:26,1
2018-10-26 15:02:35,1
2018-10-26 13:49:22,1
2018-10-26 02:30:06,1
2018-10-26 00:36:03,1
2018-10-25 23:22:12,1
2018-10-25 23:20:26,1
2018-10-25 23:15:11,1
2018-10-25 22:23:07,1
2018-10-25 19:34:09,1
2018-10-25 19:05:47,1
2018-10-25 19:05:46,1
2018-10-25 19:05:40,1
2018-10-25 19:05:37,1
2018-10-25 18:42:33,1
2018-10-25 17:57:16,1
2018-10-25 16:30:48,1
2018-10-25 14:33:43,1
2018-10-25 14:06:20,1
2018-10-24 18:56:57,1
2018-10-24 16:07:20,1
2018-10-24 12:20:58,1
2018-10-24 11:55:31,1
2018-10-23 23:44:11,1
2018-10-23 21:44:24,1
2018-10-23 21:28:33,1
2018-10-23 21:28:30,1
2018-10-23 19:37:19,1
2018-10-23 19:37:16,1
2018-10-23 18:02:10,1
2018-10-23 16:44:48,1
2018-10-22 18:01:24,1
2018-10-22 17:53:38,1
2018-10-22 12:59:35,1
2018-10-20 17:33:30,1
2018-10-20 17:33:03,1
2018-10-20 17:32:20,1
2018-10-20 00:08:07,1
2018-10-19 18:46:29,1
2018-10-19 15:50:12,1
2018-10-18 21:51:26,1
2018-10-18 16:19:30,1
2018-10-17 23:50:55,1
2018-10-17 22:04:50,1
2018-10-17 21:29:48,1
2018-10-17 21:25:20,1
2018-10-17 20:12:40,1
2018-10-17 20:08:38,1
2018-10-17 18:58:12,1
2018-10-17 18:47:40,1
2018-10-17 18:41:35,1
2018-10-17 18:22:07,1
2018-10-17 17:53:47,1
2018-10-17 17:42:19,1
2018-10-17 17:41:12,1
2018-10-17 17:30:39,1
2018-10-17 17:19:47,1
2018-10-17 17:02:12,1
2018-10-17 16:32:40,1
2018-10-17 16:11:53,1
2018-10-17 15:49:49,1
2018-10-17 15:49:47,1
2018-10-17 15:19:34,1
2018-10-17 14:57:59,1
2018-10-17 01:25:35,1
2018-10-17 01:25:32,1
2018-10-17 00:08:22,1
2018-10-16 23:56:34,1
2018-10-16 17:20:28,1
2018-10-16 15:44:18,1
2018-10-16 15:35:50,1
2018-10-16 15:17:25,1
2018-10-16 14:13:11,1
2018-10-16 13:09:51,1
2018-10-16 13:09:48,1
2018-10-16 00:27:14,1
2018-10-15 22:24:48,1
2018-10-15 22:10:50,1
2018-10-15 17:38:30,1
2018-10-15 15:52:18,1
2018-10-15 15:46:30,1
2018-10-15 15:06:24,1
2018-10-15 13:49:32,1
2018-10-15 12:25:59,1
2018-10-13 20:54:17,1
2018-10-13 14:51:40,1
2018-10-13 14:28:41,1
2018-10-13 14:07:17,1
2018-10-13 13:34:34,1
2018-10-13 13:33:10,1
2018-10-12 22:15:51,1
2018-10-12 22:11:36,1
2018-10-12 20:41:40,1
2018-10-12 20:21:04,1
2018-10-12 19:14:32,1
2018-10-12 19:14:26,1
2018-10-12 18:10:32,1
2018-10-12 16:17:26,1
2018-10-12 13:59:58,1
2018-10-12 13:46:19,1
2018-10-11 23:11:32,1
2018-10-11 19:41:40,1
2018-10-11 19:16:33,1
2018-10-11 18:49:53,1
2018-10-11 18:42:57,1
2018-10-11 18:01:42,1
2018-10-11 16:59:47,1
2018-10-11 16:00:54,1
2018-10-11 01:37:18,1
2018-10-11 01:37:18,1
2018-10-10 20:17:25,1
2018-10-10 20:07:25,1
2018-10-10 19:24:38,1
2018-10-10 19:24:29,1
2018-10-10 16:07:40,1
2018-10-10 13:01:52,1
2018-10-10 13:01:22,1
2018-10-10 02:29:27,1
2018-10-09 22:18:38,1
2018-10-09 19:10:45,1
2018-10-09 18:51:35,1
2018-10-09 17:05:59,1
2018-10-09 16:52:42,1
2018-10-09 16:08:11,1
2018-10-09 16:01:07,1
2018-10-09 16:01:05,1
2018-10-09 14:19:42,1
2018-10-09 10:46:59,1
2018-10-09 01:37:22,1
2018-10-09 00:45:05,1
2018-10-09 00:07:46,1
2018-10-08 23:44:06,1
2018-10-08 23:43:06,1
2018-10-08 23:03:04,1
2018-10-08 19:44:40,1
2018-10-08 19:38:43,1
2018-10-08 19:28:32,1
2018-10-08 19:04:34,1
2018-10-08 18:57:31,1
2018-10-08 18:37:34,1
2018-10-08 18:33:52,1
2018-10-08 17:18:05,1
2018-10-08 17:00:23,1
2018-10-08 15:32:34,1
2018-10-08 15:20:54,1
2018-10-08 13:38:38,1
2018-10-07 17:06:25,1
2018-10-07 14:44:02,1
2018-10-06 20:41:40,1
2018-10-06 17:31:39,1
2018-10-06 16:10:33,1
2018-10-05 23:02:55,1
2018-10-05 20:41:21,1
2018-10-05 16:51:09,1
2018-10-05 16:50:53,1
2018-10-05 15:01:11,1
2018-10-05 13:32:25,1
2018-10-05 13:07:03,1
2018-10-04 19:30:32,1
2018-10-04 19:20:16,1
2018-10-04 17:38:56,1
2018-10-04 16:04:42,1
2018-10-04 15:51:57,1
2018-10-04 14:01:41,1
2018-10-04 13:36:19,1
2018-10-04 12:18:43,1
2018-10-04 02:29:25,1
2018-10-04 00:02:17,1
2018-10-03 23:28:45,1
2018-10-03 21:57:57,1
2018-10-03 20:55:52,1
2018-10-03 18:19:08,1
2018-10-03 18:10:55,1
2018-10-03 17:56:47,1
2018-10-03 16:11:33,1
2018-10-03 14:13:25,1
2018-10-03 13:05:03,1
2018-10-03 03:58:18,1
2018-10-02 21:00:01,1
2018-10-02 20:23:03,1
2018-10-02 19:33:31,1
2018-10-02 18:38:02,1
2018-10-02 18:22:23,1
2018-10-02 17:23:35,1
2018-10-02 16:20:14,1
2018-10-02 16:13:41,1
2018-10-02 15:50:38,1
2018-10-02 15:17:24,1
2018-10-02 15:03:14,1
2018-10-02 14:28:26,1
2018-10-02 01:05:10,1
2018-10-02 01:05:09,1
2018-10-01 21:53:02,1
2018-10-01 21:36:31,1
2018-10-01 21:11:35,1
2018-10-01 20:29:33,1
2018-10-01 19:01:34,1
2018-10-01 16:32:43,1
2018-10-01 16:14:39,1
2018-10-01 15:59:38,1
2018-10-01 15:09:37,1
2018-10-01 12:27:50,1
2018-10-01 12:09:11,1
2018-09-30 02:51:58,1
2018-09-30 02:51:57,1
2018-09-30 02:51:51,1
2018-09-29 14:33:34,1
2018-09-29 00:28:22,1
2018-09-28 20:26:26,1
2018-09-28 19:59:48,1
2018-09-28 17:08:17,1
2018-09-28 14:55:42,1
2018-09-28 00:42:29,1
2018-09-27 22:48:20,1
2018-09-27 22:16:49,1
2018-09-27 18:08:14,1
2018-09-27 16:05:01,1
2018-09-27 13:35:49,1
2018-09-27 11:52:58,1
2018-09-27 11:52:48,1
2018-09-27 00:39:23,1
2018-09-27 00:00:21,1
2018-09-26 22:52:37,1
2018-09-26 22:47:26,1
2018-09-26 22:33:38,1
2018-09-26 21:01:16,1
2018-09-26 20:53:18,1
2018-09-26 20:42:32,1
2018-09-26 20:35:25,1
2018-09-26 19:19:43,1
2018-09-26 17:43:20,1
2018-09-26 17:31:55,1
2018-09-26 17:31:42,1
2018-09-26 16:11:34,1
2018-09-26 15:52:35,1
2018-09-26 15:31:37,1
2018-09-26 14:17:43,1
2018-09-26 01:12:56,1
2018-09-25 23:14:27,1
2018-09-25 22:07:54,1
2018-09-25 20:28:24,1
2018-09-25 20:20:37,1
2018-09-25 20:02:56,1
2018-09-25 19:53:33,1
2018-09-25 17:34:35,1
2018-09-25 17:20:44,1
2018-09-25 16:54:31,1
2018-09-25 16:38:22,1
2018-09-25 16:36:58,1
2018-09-25 16:24:30,1
2018-09-25 15:59:35,1
2018-09-25 15:33:56,1
2018-09-25 15:28:25,1
2018-09-25 14:44:25,1
2018-09-25 14:19:30,1
2018-09-25 00:39:31,1
2018-09-25 00:23:55,1
2018-09-24 23:42:36,1
2018-09-24 23:00:31,1
2018-09-24 22:34:22,1
2018-09-24 21:47:56,1
2018-09-24 21:39:48,1
2018-09-24 21:34:11,1
2018-09-24 21:31:29,1
2018-09-24 21:24:20,1
2018-09-24 21:18:08,1
2018-09-24 20:54:40,1
2018-09-24 20:44:12,1
2018-09-24 20:27:35,1
2018-09-24 16:56:50,1
2018-09-24 15:43:25,1
2018-09-24 14:05:02,1
2018-09-24 14:05:00,1
2018-09-24 14:04:58,1
2018-09-24 12:35:54,1
2018-09-22 19:43:29,1
2018-09-22 15:07:08,1
2018-09-22 14:02:44,1
2018-09-21 21:47:50,1
2018-09-21 21:46:24,1
2018-09-21 21:46:15,1
2018-09-21 20:52:50,1
2018-09-21 19:41:55,1
2018-09-21 16:23:22,1
2018-09-21 13:30:45,1
2018-09-21 13:15:42,1
2018-09-21 05:20:38,1
2018-09-21 00:03:59,1
2018-09-20 22:42:21,1
2018-09-20 21:56:04,1
2018-09-20 18:35:14,1
2018-09-20 18:18:21,1
2018-09-20 17:40:20,1
2018-09-20 13:35:11,1
2018-09-20 00:50:54,1
2018-09-20 00:12:23,1
2018-09-19 23:48:31,1
2018-09-19 21:31:17,1
2018-09-19 19:32:15,1
2018-09-19 18:04:23,1
2018-09-19 17:50:10,1
2018-09-19 16:29:41,1
2018-09-19 11:45:58,1
2018-09-18 23:43:33,1
2018-09-18 22:11:25,1
2018-09-18 21:29:48,1
2018-09-18 21:21:29,1
2018-09-18 20:22:34,1
2018-09-18 19:43:35,1
2018-09-18 19:34:38,1
2018-09-18 19:29:44,1
2018-09-18 18:23:04,1
2018-09-18 18:19:54,1
2018-09-18 17:31:58,1
2018-09-18 16:02:48,1
2018-09-18 15:56:54,1
2018-09-18 15:51:59,1
2018-09-18 15:51:55,1
2018-09-18 15:25:54,1
2018-09-18 13:28:44,1
2018-09-18 00:22:21,1
2018-09-18 00:17:23,1
2018-09-17 21:56:50,1
2018-09-17 21:24:02,1
2018-09-17 20:43:24,1
2018-09-17 20:20:58,1
2018-09-17 19:53:15,1
2018-09-17 18:26:21,1
2018-09-17 17:54:17,1
2018-09-17 15:32:59,1
2018-09-15 22:42:58,1
2018-09-15 20:44:36,1
2018-09-15 20:32:54,1
2018-09-15 20:32:48,1
2018-09-15 01:47:16,1
2018-09-15 00:46:57,1
2018-09-14 23:57:27,1
2018-09-14 22:18:11,1
2018-09-14 22:18:07,1
2018-09-14 22:18:04,1
2018-09-14 22:18:02,1
2018-09-14 22:17:59,1
2018-09-14 22:17:57,1
2018-09-14 22:17:55,1
2018-09-14 22:17:53,1
2018-09-14 14:23:03,1
2018-09-14 12:34:41,1
2018-09-13 23:31:21,1
2018-09-13 19:17:49,1
2018-09-13 19:17:44,1
2018-09-13 17:53:38,1
2018-09-13 17:27:33,1
2018-09-13 17:27:22,1
2018-09-13 15:54:28,1
2018-09-13 15:24:33,1
2018-09-13 12:28:00,1
2018-09-12 23:28:16,1
2018-09-12 23:21:39,1
2018-09-12 22:23:55,1
2018-09-12 21:25:53,1
2018-09-12 19:23:05,1
2018-09-12 19:20:48,1
2018-09-12 19:20:47,1
2018-09-12 16:41:18,1
2018-09-12 16:41:11,1
2018-09-12 15:47:28,1
2018-09-12 13:59:07,1
2018-09-12 12:20:10,1
2018-09-12 00:21:24,1
2018-09-11 23:33:30,1
2018-09-11 22:49:27,1
2018-09-11 21:05:02,1
2018-09-11 20:18:33,1
2018-09-11 17:49:36,1
2018-09-11 17:42:20,1
2018-09-11 17:13:27,1
2018-09-11 16:17:38,1
2018-09-11 15:41:45,1
2018-09-11 15:33:24,1
2018-09-11 15:23:44,1
2018-09-11 14:20:06,1
2018-09-11 13:44:12,1
2018-09-11 13:00:04,1
2018-09-11 12:48:52,1
2018-09-11 12:26:15,1
2018-09-11 11:53:36,1
2018-09-11 11:51:23,1
2018-09-11 11:13:20,1
2018-09-10 23:36:43,1
2018-09-10 23:28:07,1
2018-09-10 23:28:05,1
2018-09-10 23:12:20,1
2018-09-10 22:16:33,1
2018-09-10 21:53:25,1
2018-09-10 21:42:21,1
2018-09-10 21:17:31,1
2018-09-10 21:05:46,1
2018-09-10 20:41:25,1
2018-09-10 19:42:05,1
2018-09-10 19:35:50,1
2018-09-10 19:30:39,1
2018-09-10 19:08:36,1
2018-09-10 17:39:37,1
2018-09-10 15:35:12,1
2018-09-10 14:43:54,1
2018-09-09 17:29:25,1
2018-09-09 14:18:11,1
2018-09-09 14:18:09,1
2018-09-09 14:18:07,1
2018-09-09 13:09:27,1
2018-09-08 14:52:10,1
2018-09-08 14:48:31,1
2018-09-08 14:43:38,1
2018-09-07 20:17:22,1
2018-09-07 16:37:43,1
2018-09-07 15:09:18,1
2018-09-07 14:05:55,1
2018-09-07 11:33:39,1
2018-09-06 23:06:47,1
2018-09-06 22:13:45,1
2018-09-06 18:24:26,1
2018-09-06 17:43:25,1
2018-09-06 16:41:23,1
2018-09-06 16:13:19,1
2018-09-06 11:32:22,1
2018-09-05 21:47:16,1
2018-09-05 21:39:37,1
2018-09-05 21:11:11,1
2018-09-05 18:57:59,1
2018-09-05 15:41:47,1
2018-09-05 13:22:18,1
2018-09-05 00:14:12,1
2018-09-04 22:39:38,1
2018-09-04 22:39:38,1
2018-09-04 22:01:22,1
2018-09-04 21:48:03,1
2018-09-04 21:23:34,1
2018-09-04 21:19:51,1
2018-09-04 20:59:52,1
2018-09-04 20:45:51,1
2018-09-04 20:45:49,1
2018-09-04 20:45:46,1
2018-09-04 20:01:19,1
2018-09-04 19:37:23,1
2018-09-04 18:27:25,1
2018-09-04 18:25:46,1
2018-09-04 17:06:48,1
2018-09-04 16:44:58,1
2018-09-04 14:49:24,1
2018-09-03 17:22:28,1
2018-09-03 17:05:27,1
2018-09-03 14:53:24,1
2018-09-03 14:40:25,1
2018-09-03 14:33:20,1
2018-09-03 13:54:27,1
2018-09-03 13:42:22,1
2018-09-03 13:42:19,1
2018-09-01 22:58:54,1
2018-09-01 22:58:52,1
2018-09-01 15:14:43,1
2018-09-01 15:14:41,1
2018-09-01 00:02:11,1
2018-08-31 22:08:17,1
2018-08-31 21:16:26,1
2018-08-31 20:44:40,1
2018-08-31 19:44:41,1
2018-08-31 19:28:48,1
2018-08-31 18:15:40,1
2018-08-31 16:54:43,1
2018-08-31 04:21:42,1
2018-08-31 04:21:29,1
2018-08-31 04:21:27,1
2018-08-30 20:21:27,1
2018-08-30 16:58:27,1
2018-08-30 16:28:22,1
2018-08-29 21:24:06,1
2018-08-29 21:08:45,1
2018-08-29 21:03:02,1
2018-08-29 15:55:45,1
2018-08-29 15:17:54,1
2018-08-29 14:32:02,1
2018-08-29 01:25:25,1
2018-08-28 21:22:37,1
2018-08-28 20:52:28,1
2018-08-28 18:58:25,1
2018-08-28 18:34:25,1
2018-08-28 17:29:36,1
2018-08-28 16:49:54,1
2018-08-28 03:06:35,1
2018-08-28 02:47:39,1
2018-08-27 23:11:32,1
2018-08-27 22:42:03,1
2018-08-27 22:04:04,1
2018-08-27 22:04:02,1
2018-08-27 21:17:21,1
2018-08-27 20:14:24,1
2018-08-27 18:19:28,1
2018-08-27 17:46:49,1
2018-08-27 17:25:37,1
2018-08-27 15:53:39,1
2018-08-27 15:27:34,1
2018-08-27 13:39:51,1
2018-08-26 15:41:33,1
2018-08-26 14:37:37,1
2018-08-26 14:34:25,1
2018-08-26 14:34:22,1
2018-08-26 00:47:38,1
2018-08-25 23:46:35,1
2018-08-25 15:44:32,1
2018-08-25 04:33:14,1
2018-08-25 02:10:34,1
2018-08-25 00:41:44,1
2018-08-25 00:41:20,1
2018-08-25 00:41:07,1
2018-08-25 00:41:06,1
2018-08-25 00:22:08,1
2018-08-24 17:36:42,1
2018-08-24 16:42:01,1
2018-08-24 16:10:38,1
2018-08-24 01:47:21,1
2018-08-24 01:46:18,1
2018-08-23 19:21:51,1
2018-08-23 19:01:27,1
2018-08-23 18:29:19,1
2018-08-23 18:09:24,1
2018-08-23 16:51:31,1
2018-08-23 16:13:35,1
2018-08-23 15:40:40,1
2018-08-23 15:40:38,1
2018-08-22 23:01:54,1
2018-08-22 22:26:09,1
2018-08-22 20:52:28,1
2018-08-22 20:52:26,1
2018-08-22 20:44:16,1
2018-08-22 20:44:15,1
2018-08-22 20:18:11,1
2018-08-22 18:34:05,1
2018-08-22 17:48:23,1
2018-08-22 16:15:09,1
2018-08-22 15:43:00,1
2018-08-22 15:06:39,1
2018-08-22 01:17:27,1
2018-08-21 22:33:19,1
2018-08-21 21:30:59,1
2018-08-21 19:43:15,1
2018-08-21 18:49:22,1
2018-08-21 17:57:26,1
2018-08-21 16:33:14,1
2018-08-21 15:22:23,1
2018-08-21 15:11:29,1
2018-08-21 14:38:32,1
2018-08-21 11:51:04,1
2018-08-21 00:06:25,1
2018-08-20 23:49:43,1
2018-08-20 23:18:07,1
2018-08-20 22:33:35,1
2018-08-20 21:55:49,1
2018-08-20 21:14:22,1
2018-08-20 20:11:32,1
2018-08-20 20:11:24,1
2018-08-20 20:09:33,1
2018-08-20 20:08:35,1
2018-08-20 20:08:33,1
2018-08-20 19:22:04,1
2018-08-20 15:02:38,1
2018-08-20 14:25:41,1
2018-08-18 19:40:45,1
2018-08-18 14:31:55,1
2018-08-18 13:47:37,1
2018-08-18 01:31:54,1
2018-08-17 19:26:34,1
2018-08-17 12:30:06,1
2018-08-16 22:52:41,1
2018-08-16 18:59:36,1
2018-08-16 18:59:29,1
2018-08-16 15:37:16,1
2018-08-16 15:29:29,1
2018-08-16 14:39:20,1
2018-08-15 19:22:28,1
2018-08-15 18:35:37,1
2018-08-15 18:35:26,1
2018-08-15 17:11:23,1
2018-08-15 15:04:58,1
2018-08-15 13:24:18,1
2018-08-14 18:31:25,1
2018-08-14 18:22:52,1
2018-08-14 15:49:18,1
2018-08-14 15:44:24,1
2018-08-14 15:39:14,1
2018-08-14 15:32:21,1
2018-08-14 11:43:19,1
2018-08-14 01:38:20,1
2018-08-14 00:13:29,1
2018-08-13 22:37:15,1
2018-08-13 21:46:28,1
2018-08-13 20:31:45,1
2018-08-13 19:38:07,1
2018-08-13 18:49:02,1
2018-08-13 18:20:09,1
2018-08-13 17:58:17,1
2018-08-13 17:19:15,1
2018-08-13 16:59:04,1
2018-08-12 01:51:56,1
2018-08-11 19:25:35,1
2018-08-11 16:04:34,1
2018-08-11 13:55:23,1
2018-08-11 13:42:13,1
2018-08-10 22:49:57,1
2018-08-09 19:35:44,1
2018-08-09 19:35:23,1
2018-08-09 16:05:36,1
2018-08-09 15:01:38,1
2018-08-08 22:42:31,1
2018-08-08 21:54:52,1
2018-08-08 20:47:22,1
2018-08-07 18:25:59,1
2018-08-07 00:47:47,1
2018-08-06 21:54:29,1
2018-08-06 21:51:27,1
2018-08-06 21:51:19,1
2018-08-06 20:05:16,1
2018-08-04 20:54:53,1
2018-08-04 19:51:58,1
2018-08-04 16:00:57,1
2018-08-03 23:00:40,1
2018-08-03 21:12:26,1
2018-08-03 21:11:05,1
2018-08-03 19:19:36,1
2018-08-03 17:19:28,1
2018-08-03 15:08:46,1
2018-08-03 01:30:05,1
2018-08-02 20:17:22,1
2018-08-02 19:12:36,1
2018-08-02 19:12:25,1
2018-08-02 16:51:36,1
2018-08-02 15:33:04,1
2018-08-02 14:58:37,1
2018-08-02 14:26:22,1
2018-08-02 14:08:01,1
2018-08-02 14:07:59,1
2018-08-02 04:52:24,1
2018-08-02 03:35:25,1
2018-08-01 23:16:17,1
2018-08-01 23:09:15,1
2018-08-01 22:27:34,1
2018-08-01 21:19:07,1
2018-08-01 19:13:54,1
2018-08-01 18:57:14,1
2018-08-01 15:16:26,1
2018-08-01 14:51:54,1
2018-08-01 12:08:16,1
2018-08-01 00:25:51,1
2018-07-31 23:13:13,1
2018-07-31 22:50:32,1
2018-07-31 22:50:29,1
2018-07-31 22:50:27,1
2018-07-31 22:15:28,1
2018-07-31 20:50:36,1
2018-07-31 20:43:57,1
2018-07-31 19:46:28,1
2018-07-31 19:46:26,1
2018-07-31 17:58:26,1
2018-07-31 14:34:05,1
2018-07-31 13:26:13,1
2018-07-31 12:49:02,1
2018-07-31 02:45:44,1
2018-07-30 22:48:22,1
2018-07-30 21:21:54,1
2018-07-30 20:04:22,1
2018-07-30 19:47:17,1
2018-07-30 19:32:43,1
2018-07-30 19:31:18,1
2018-07-30 18:59:31,1
2018-07-30 18:59:28,1
2018-07-30 18:39:10,1
2018-07-30 18:39:08,1
2018-07-30 17:52:28,1
2018-07-30 17:42:21,1
2018-07-30 17:23:34,1
2018-07-30 11:58:28,1
2018-07-29 17:18:00,1
2018-07-29 12:48:01,1
2018-07-28 16:39:05,1
2018-07-27 20:47:00,1
2018-07-27 20:01:46,1
2018-07-27 19:23:59,1
2018-07-27 19:02:53,1
2018-07-27 18:07:27,1
2018-07-27 17:05:22,1
2018-07-27 16:22:02,1
2018-07-27 16:20:33,1
2018-07-27 16:20:32,1
2018-07-27 15:23:26,1
2018-07-27 14:44:24,1
2018-07-27 13:43:42,1
2018-07-27 13:36:36,1
2018-07-27 13:19:26,1
2018-07-27 02:48:19,1
2018-07-26 21:49:42,1
2018-07-26 21:49:37,1
2018-07-26 21:45:36,1
2018-07-26 21:35:25,1
2018-07-26 21:18:29,1
2018-07-26 21:06:59,1
2018-07-26 21:06:57,1
2018-07-26 21:06:54,1
2018-07-26 20:13:36,1
2018-07-26 19:03:24,1
2018-07-26 18:59:16,1
2018-07-26 18:39:21,1
2018-07-26 18:29:29,1
2018-07-26 17:31:44,1
2018-07-26 16:29:20,1
2018-07-26 13:46:27,1
2018-07-26 12:11:42,1
2018-07-26 01:57:30,1
2018-07-26 01:08:53,1
2018-07-26 01:02:03,1
2018-07-25 23:55:11,1
2018-07-25 23:14:43,1
2018-07-25 23:14:41,1
2018-07-25 23:14:39,1
2018-07-25 21:01:59,1
2018-07-25 20:18:34,1
2018-07-25 19:11:24,1
2018-07-25 17:58:01,1
2018-07-25 16:31:30,1
2018-07-25 13:08:29,1
2018-07-25 01:18:53,1
2018-07-25 01:18:27,1
2018-07-25 00:19:43,1
2018-07-25 00:05:34,1
2018-07-24 23:22:19,1
2018-07-24 23:17:53,1
2018-07-24 22:34:42,1
2018-07-24 21:35:19,1
2018-07-24 20:58:58,1
2018-07-24 19:21:26,1
2018-07-24 18:46:55,1
2018-07-24 18:26:54,1
2018-07-24 18:01:36,1
2018-07-24 17:52:21,1
2018-07-24 17:48:22,1
2018-07-24 16:57:38,1
2018-07-24 15:51:48,1
2018-07-24 02:08:12,1
2018-07-24 01:36:38,1
2018-07-23 23:57:53,1
2018-07-23 23:23:48,1
2018-07-23 20:32:09,1
2018-07-23 20:09:52,1
2018-07-23 19:26:14,1
2018-07-23 18:37:30,1
2018-07-23 17:18:25,1
2018-07-23 15:51:32,1
2018-07-23 03:27:59,1
2018-07-22 21:24:13,1
2018-07-20 21:51:59,1
2018-07-20 21:51:33,1
2018-07-20 20:42:08,1
2018-07-20 18:23:42,1
2018-07-20 17:14:19,1
2018-07-20 15:23:28,1
2018-07-20 14:37:01,1
2018-07-20 14:25:46,1
2018-07-20 14:25:39,1
2018-07-20 14:17:29,1
2018-07-20 13:56:11,1
2018-07-20 13:05:26,1
2018-07-20 12:53:37,1
2018-07-20 12:53:31,1
2018-07-20 12:32:08,1
2018-07-20 03:08:11,1
2018-07-20 01:08:01,1
2018-07-20 01:07:52,1
2018-07-20 00:38:53,1
2018-07-19 23:09:27,1
2018-07-19 21:22:27,1
2018-07-19 20:47:45,1
2018-07-19 20:40:17,1
2018-07-19 20:40:08,1
2018-07-19 20:31:03,1
2018-07-19 19:08:47,1
2018-07-19 18:35:35,1
2018-07-19 18:15:40,1
2018-07-19 16:33:14,1
2018-07-19 15:21:29,1
2018-07-19 15:21:28,1
2018-07-19 14:43:25,1
2018-07-19 14:36:35,1
2018-07-19 14:32:21,1
2018-07-19 13:28:31,1
2018-07-19 01:36:47,1
2018-07-19 00:09:03,1
2018-07-19 00:08:41,1
2018-07-18 23:03:26,1
2018-07-18 23:03:24,1
2018-07-18 21:59:48,1
2018-07-18 21:33:47,1
2018-07-18 20:43:43,1
2018-07-18 20:16:52,1
2018-07-18 18:05:25,1
2018-07-18 16:50:06,1
2018-07-18 15:05:23,1
2018-07-18 15:05:20,1
2018-07-18 04:25:52,1
2018-07-18 01:20:40,1
2018-07-18 00:23:28,1
2018-07-17 23:14:20,1
2018-07-17 22:59:38,1
2018-07-17 21:49:16,1
2018-07-17 20:30:41,1
2018-07-17 19:10:51,1
2018-07-17 18:57:37,1
2018-07-17 18:38:16,1
2018-07-17 17:08:31,1
2018-07-17 14:39:45,1
2018-07-17 14:35:23,1
2018-07-17 14:23:15,1
2018-07-17 14:01:26,1
2018-07-16 22:54:34,1
2018-07-16 20:54:40,1
2018-07-16 20:34:54,1
2018-07-16 20:32:57,1
2018-07-16 20:00:44,1
2018-07-16 17:29:19,1
2018-07-16 17:21:28,1
2018-07-16 17:21:26,1
2018-07-16 17:21:22,1
2018-07-16 16:57:21,1
2018-07-16 16:56:31,1
2018-07-16 16:52:26,1
2018-07-16 16:47:51,1
2018-07-16 16:41:38,1
2018-07-16 16:12:14,1
2018-07-16 15:53:25,1
2018-07-16 13:50:06,1
2018-07-16 12:05:00,1
2018-07-16 12:04:44,1
2018-07-16 11:19:45,1
2018-07-16 11:19:34,1
2018-07-15 16:40:48,1
2018-07-15 16:40:47,1
2018-07-15 14:34:32,1
2018-07-14 17:42:02,1
2018-07-14 14:23:11,1
2018-07-14 12:45:01,1
2018-07-14 12:06:55,1
2018-07-14 12:06:53,1
2018-07-14 12:06:51,1
2018-07-13 20:03:49,1
2018-07-13 18:05:49,1
2018-07-13 17:55:37,1
2018-07-13 17:16:56,1
2018-07-13 14:57:20,1
2018-07-13 14:57:18,1
2018-07-13 14:19:22,1
2018-07-13 14:15:01,1
2018-07-13 14:12:02,1
2018-07-13 13:04:09,1
2018-07-13 12:46:07,1
2018-07-12 22:14:27,1
2018-07-12 21:25:50,1
2018-07-12 21:18:57,1
2018-07-12 20:13:41,1
2018-07-12 19:07:23,1
2018-07-12 18:58:46,1
2018-07-12 18:53:25,1
2018-07-12 18:15:52,1
2018-07-12 18:08:46,1
2018-07-12 17:47:22,1
2018-07-12 16:56:30,1
2018-07-12 16:32:47,1
2018-07-12 15:11:26,1
2018-07-12 14:13:38,1
2018-07-12 13:43:33,1
2018-07-12 13:16:32,1
2018-07-12 11:01:09,1
2018-07-11 23:34:17,1
2018-07-11 21:13:58,1
2018-07-11 21:13:31,1
2018-07-11 21:13:20,1
2018-07-11 21:13:18,1
2018-07-11 21:13:05,1
2018-07-11 20:43:40,1
2018-07-11 17:15:24,1
2018-07-11 17:12:47,1
2018-07-11 17:07:40,1
2018-07-11 17:07:38,1
2018-07-11 15:18:51,1
2018-07-11 12:51:58,1
2018-07-11 12:41:39,1
2018-07-11 12:41:37,1
2018-07-10 22:42:33,1
2018-07-10 19:06:26,1
2018-07-10 18:53:04,1
2018-07-10 18:43:13,1
2018-07-10 17:53:12,1
2018-07-10 17:32:27,1
2018-07-10 17:07:20,1
2018-07-10 15:17:25,1
2018-07-10 14:50:01,1
2018-07-10 14:40:59,1
2018-07-10 14:25:13,1
2018-07-10 14:20:46,1
2018-07-10 12:40:26,1
2018-07-10 10:00:43,1
2018-07-10 10:00:41,1
2018-07-10 10:00:29,1
2018-07-10 10:00:25,1
2018-07-10 02:54:21,1
2018-07-10 02:23:19,1
2018-07-10 02:09:22,1
2018-07-10 02:00:28,1
2018-07-10 01:50:18,1
2018-07-10 01:45:02,1
2018-07-10 01:30:28,1
2018-07-10 01:27:41,1
2018-07-10 01:06:58,1
2018-07-10 01:01:39,1
2018-07-10 00:33:47,1
2018-07-10 00:13:16,1
2018-07-10 00:04:23,1
2018-07-09 22:23:46,1
2018-07-09 17:37:51,1
2018-07-09 17:09:28,1
2018-07-09 17:09:27,1
2018-07-09 16:55:22,1
2018-07-09 14:26:04,1
2018-07-08 22:18:07,1
2018-07-08 22:17:58,1
2018-07-08 20:42:40,1
2018-07-06 21:09:26,1
2018-07-06 20:51:25,1
2018-07-06 20:33:08,1
2018-07-06 19:27:36,1
2018-07-06 18:07:10,1
2018-07-06 16:42:33,1
2018-07-06 16:37:28,1
2018-07-06 16:14:11,1
2018-07-06 04:30:08,1
2018-07-06 01:08:36,1
2018-07-06 01:02:32,1
2018-07-05 20:48:33,1
2018-07-05 17:47:49,1
2018-07-05 15:53:35,1
2018-07-05 14:28:42,1
2018-07-05 14:28:39,1
2018-07-05 14:28:38,1
2018-07-05 02:48:11,1
2018-07-04 14:51:08,1
2018-07-04 14:43:46,1
2018-07-04 13:07:27,1
2018-07-04 00:44:34,1
2018-07-03 22:41:37,1
2018-07-03 19:13:57,1
2018-07-03 18:17:24,1
2018-07-03 17:01:39,1
2018-07-03 15:23:41,1
2018-07-03 14:13:50,1
2018-07-03 14:01:16,1
2018-07-03 10:53:34,1
2018-07-03 02:44:57,1
2018-07-02 21:48:36,1
2018-07-02 16:18:08,1
2018-07-02 16:17:51,1
2018-07-02 16:17:50,1
2018-07-02 14:38:05,1
2018-07-02 03:02:33,1
2018-07-01 20:35:18,1
2018-06-30 19:45:22,1
2018-06-30 19:45:20,1
2018-06-29 23:33:00,1
2018-06-29 23:02:57,1
2018-06-29 23:02:03,1
2018-06-29 23:01:52,1
2018-06-29 23:00:22,1
2018-06-29 22:59:39,1
2018-06-29 22:59:18,1
2018-06-29 22:59:03,1
2018-06-29 22:58:43,1
2018-06-29 22:01:38,1
2018-06-29 21:05:10,1
2018-06-29 21:05:07,1
2018-06-29 20:37:32,1
2018-06-29 20:23:00,1
2018-06-29 20:18:22,1
2018-06-29 19:00:14,1
2018-06-29 18:24:59,1
2018-06-29 18:21:44,1
2018-06-29 18:06:50,1
2018-06-29 18:06:46,1
2018-06-29 17:43:37,1
2018-06-29 17:18:00,1
2018-06-29 16:15:28,1
2018-06-29 15:28:47,1
2018-06-29 15:28:46,1
2018-06-29 14:11:38,1
2018-06-28 20:50:47,1
2018-06-28 19:13:22,1
2018-06-28 18:58:51,1
2018-06-28 18:54:51,1
2018-06-28 18:49:05,1
2018-06-28 18:46:38,1
2018-06-28 17:39:14,1
2018-06-28 17:15:28,1
2018-06-28 15:58:42,1
2018-06-28 15:58:00,1
2018-06-28 13:39:33,1
2018-06-28 13:07:14,1
2018-06-28 04:53:13,1
2018-06-28 04:52:22,1
2018-06-28 03:25:34,1
2018-06-28 03:25:32,1
2018-06-28 03:24:16,1
2018-06-27 22:47:51,1
2018-06-27 21:19:11,1
2018-06-27 20:17:56,1
2018-06-27 19:15:53,1
2018-06-27 18:22:24,1
2018-06-27 17:44:55,1
2018-06-27 17:44:52,1
2018-06-27 16:16:23,1
2018-06-27 16:16:20,1
2018-06-27 14:56:26,1
2018-06-27 14:18:43,1
2018-06-27 14:17:06,1
2018-06-26 21:43:57,1
2018-06-26 20:24:34,1
2018-06-26 20:19:45,1
2018-06-26 19:31:58,1
2018-06-26 17:08:29,1
2018-06-26 16:21:39,1
2018-06-26 16:06:28,1
2018-06-26 14:44:33,1
2018-06-26 14:41:40,1
2018-06-26 13:31:53,1
2018-06-26 11:17:58,1
2018-06-26 02:17:09,1
2018-06-26 01:08:34,1
2018-06-25 22:30:17,1
2018-06-25 22:21:26,1
2018-06-25 21:29:43,1
2018-06-25 21:29:41,1
2018-06-25 21:28:28,1
2018-06-25 18:11:49,1
2018-06-25 17:55:38,1
2018-06-25 17:55:36,1
2018-06-25 17:38:25,1
2018-06-25 12:55:36,1
2018-06-25 12:55:35,1
2018-06-25 02:41:19,1
2018-06-23 22:08:17,1
2018-06-23 21:54:41,1
2018-06-23 21:34:13,1
2018-06-23 21:30:29,1
2018-06-23 17:12:23,1
2018-06-23 17:08:40,1
2018-06-23 17:08:03,1
2018-06-23 16:59:02,1
2018-06-23 14:56:25,1
2018-06-23 14:42:25,1
2018-06-23 14:04:25,1
2018-06-23 13:52:44,1
2018-06-23 00:41:02,1
2018-06-22 23:13:25,1
2018-06-22 21:41:28,1
2018-06-22 21:25:18,1
2018-06-22 21:07:33,1
2018-06-22 20:40:29,1
2018-06-22 20:24:27,1
2018-06-22 19:50:25,1
2018-06-22 19:40:48,1
2018-06-22 19:00:20,1
2018-06-22 18:30:51,1
2018-06-22 18:24:33,1
2018-06-22 17:57:26,1
2018-06-22 14:11:12,1
2018-06-22 13:46:47,1
2018-06-22 13:44:35,1
2018-06-22 02:13:57,1
2018-06-22 01:21:44,1
2018-06-21 22:41:14,1
2018-06-21 21:54:44,1
2018-06-21 20:48:14,1
2018-06-21 20:46:55,1
2018-06-21 20:46:53,1
2018-06-21 20:46:51,1
2018-06-21 20:26:51,1
2018-06-21 17:08:58,1
2018-06-21 15:06:27,1
2018-06-21 15:00:59,1
2018-06-21 14:54:31,1
2018-06-21 14:27:31,1
2018-06-21 14:07:52,1
2018-06-21 13:33:15,1
2018-06-21 13:33:06,1
2018-06-21 12:42:30,1
2018-06-21 04:07:42,1
2018-06-21 04:07:40,1
2018-06-20 23:19:32,1
2018-06-20 23:01:26,1
2018-06-20 22:58:50,1
2018-06-20 21:24:46,1
2018-06-20 20:39:58,1
2018-06-20 19:58:15,1
2018-06-20 19:34:14,1
2018-06-20 15:04:19,1
2018-06-20 15:01:27,1
2018-06-20 14:50:41,1
2018-06-20 14:42:54,1
2018-06-20 13:29:31,1
2018-06-20 12:26:55,1
2018-06-20 02:38:07,1
2018-06-20 02:18:26,1
2018-06-20 00:31:49,1
2018-06-20 00:31:41,1
2018-06-19 22:01:21,1
2018-06-19 21:27:22,1
2018-06-19 20:26:01,1
2018-06-19 20:25:59,1
2018-06-19 19:28:32,1
2018-06-19 18:39:18,1
2018-06-19 18:25:29,1
2018-06-19 18:04:41,1
2018-06-19 17:36:29,1
2018-06-19 17:34:27,1
2018-06-19 17:33:23,1
2018-06-19 17:28:33,1
2018-06-19 17:28:31,1
2018-06-19 17:16:58,1
2018-06-19 16:39:20,1
2018-06-19 15:15:18,1
2018-06-19 14:53:39,1
2018-06-19 14:53:36,1
2018-06-19 14:12:43,1
2018-06-19 14:07:56,1
2018-06-19 14:04:33,1
2018-06-18 23:28:29,1
2018-06-18 22:17:14,1
2018-06-18 21:32:44,1
2018-06-18 21:04:09,1
2018-06-18 19:29:28,1
2018-06-18 19:29:25,1
2018-06-18 18:43:45,1
2018-06-18 17:24:56,1
2018-06-18 16:57:31,1
2018-06-18 15:59:09,1
2018-06-18 15:31:34,1
2018-06-17 13:42:53,1
2018-06-17 13:15:40,1
2018-06-17 13:15:32,1
2018-06-16 20:32:48,1
2018-06-16 16:04:32,1
2018-06-16 14:00:32,1
2018-06-15 22:36:08,1
2018-06-15 22:36:06,1
2018-06-15 22:36:03,1
2018-06-15 17:24:32,1
2018-06-15 16:33:13,1
2018-06-15 16:11:28,1
2018-06-15 15:51:22,1
2018-06-15 15:37:31,1
2018-06-15 15:37:29,1
2018-06-15 14:37:34,1
2018-06-15 00:19:45,1
2018-06-14 19:39:19,1
2018-06-14 19:39:17,1
2018-06-14 17:41:09,1
2018-06-14 16:48:54,1
2018-06-14 16:22:06,1
2018-06-14 15:17:14,1
2018-06-14 14:34:23,1
2018-06-14 14:21:27,1
2018-06-14 13:12:28,1
2018-06-13 19:14:12,1
2018-06-13 19:13:52,1
2018-06-13 17:28:41,1
2018-06-13 16:32:37,1
2018-06-13 01:19:23,1
2018-06-13 00:30:06,1
2018-06-13 00:12:53,1
2018-06-13 00:03:45,1
2018-06-12 23:42:30,1
2018-06-12 22:24:07,1
2018-06-12 22:09:29,1
2018-06-12 22:05:21,1
2018-06-12 22:04:16,1
2018-06-12 21:24:13,1
2018-06-12 16:43:02,1
2018-06-12 09:45:08,1
2018-06-12 00:52:04,1
2018-06-11 21:53:33,1
2018-06-11 21:28:37,1
2018-06-11 17:55:28,1
2018-06-11 17:33:37,1
2018-06-11 16:50:41,1
2018-06-11 10:26:32,1
2018-06-11 10:21:10,1
2018-06-10 14:24:09,1
2018-06-10 00:08:13,1
2018-06-10 00:08:13,1
2018-06-09 21:11:37,1
2018-06-09 21:11:35,1
2018-06-09 21:11:13,1
2018-06-09 21:11:07,1
2018-06-09 16:03:34,1
2018-06-09 14:13:25,1
2018-06-09 13:48:25,1
2018-06-09 04:23:57,1
2018-06-09 04:23:04,1
2018-06-08 21:47:36,1
2018-06-08 21:47:29,1
2018-06-08 17:49:44,1
2018-06-08 17:26:44,1
2018-06-08 16:43:02,1
2018-06-08 16:05:31,1
2018-06-08 15:23:15,1
2018-06-08 15:08:05,1
2018-06-08 13:25:34,1
2018-06-08 11:22:08,1
2018-06-08 11:22:05,1
2018-06-07 23:57:03,1
2018-06-07 23:56:50,1
2018-06-07 22:04:14,1
2018-06-07 20:59:13,1
2018-06-07 20:15:00,1
2018-06-07 20:03:11,1
2018-06-07 19:59:09,1
2018-06-07 19:54:27,1
2018-06-07 19:53:07,1
2018-06-07 19:52:52,1
2018-06-07 19:34:50,1
2018-06-07 19:32:33,1
2018-06-07 18:16:03,1
2018-06-07 17:44:41,1
2018-06-07 17:42:56,1
2018-06-07 17:22:06,1
2018-06-07 16:41:43,1
2018-06-07 16:38:45,1
2018-06-07 16:38:43,1
2018-06-07 16:38:32,1
2018-06-07 15:54:53,1
2018-06-07 15:54:52,1
2018-06-07 15:34:51,1
2018-06-07 15:34:49,1
2018-06-07 14:46:54,1
2018-06-07 14:01:54,1
2018-06-07 12:44:24,1
2018-06-06 23:33:28,1
2018-06-06 22:46:14,1
2018-06-06 22:42:15,1
2018-06-06 22:41:10,1
2018-06-06 22:15:28,1
2018-06-06 22:14:52,1
2018-06-06 21:55:17,1
2018-06-06 20:36:07,1
2018-06-06 20:10:13,1
2018-06-06 19:38:45,1
2018-06-06 18:45:22,1
2018-06-06 18:32:34,1
2018-06-06 18:32:31,1
2018-06-06 17:49:06,1
2018-06-06 17:43:34,1
2018-06-06 17:23:09,1
2018-06-06 16:59:22,1
2018-06-06 16:16:40,1
2018-06-06 15:41:51,1
2018-06-06 15:41:39,1
2018-06-06 15:07:33,1
2018-06-06 15:07:29,1
2018-06-06 14:02:34,1
2018-06-06 13:49:26,1
2018-06-06 13:38:36,1
2018-06-06 01:29:44,1
2018-06-06 01:26:10,1
2018-06-05 23:06:07,1
2018-06-05 22:06:49,1
2018-06-05 21:09:55,1
2018-06-05 20:51:35,1
2018-06-05 20:42:23,1
2018-06-05 20:40:54,1
2018-06-05 20:08:49,1
2018-06-05 20:08:40,1
2018-06-05 19:53:10,1
2018-06-05 19:40:29,1
2018-06-05 19:40:25,1
2018-06-05 18:04:46,1
2018-06-05 17:42:02,1
2018-06-05 17:41:53,1
2018-06-05 17:12:51,1
2018-06-05 16:53:21,1
2018-06-05 16:31:30,1
2018-06-05 16:16:07,1
2018-06-05 15:35:58,1
2018-06-05 11:51:46,1
2018-06-05 11:47:04,1
2018-06-05 01:44:09,1
2018-06-05 01:44:07,1
2018-06-05 01:00:28,1
2018-06-05 00:50:14,1
2018-06-05 00:01:14,1
2018-06-04 23:24:54,1
2018-06-04 23:11:32,1
2018-06-04 22:50:16,1
2018-06-04 22:38:15,1
2018-06-04 22:30:22,1
2018-06-04 22:25:25,1
2018-06-04 22:23:30,1
2018-06-04 22:23:16,1
2018-06-04 22:22:31,1
2018-06-04 22:21:29,1
2018-06-04 22:00:20,1
2018-06-04 21:49:36,1
2018-06-04 21:28:55,1
2018-06-04 21:07:27,1
2018-06-04 20:49:32,1
2018-06-04 20:49:26,1
2018-06-04 20:49:22,1
2018-06-04 20:44:23,1
2018-06-04 20:43:13,1
2018-06-04 19:48:29,1
2018-06-04 19:27:41,1
2018-06-04 19:06:59,1
2018-06-04 18:54:38,1
2018-06-04 18:43:32,1
2018-06-04 17:57:16,1
2018-06-04 17:34:10,1
2018-06-04 17:06:51,1
2018-06-04 17:06:49,1
2018-06-04 16:27:31,1
2018-06-04 16:17:29,1
2018-06-04 15:59:31,1
2018-06-04 15:59:29,1
2018-06-04 15:23:19,1
2018-06-04 15:12:43,1
2018-06-04 14:46:47,1
2018-06-04 14:46:45,1
2018-06-04 14:36:01,1
2018-06-04 13:48:59,1
2018-06-04 12:46:24,1
2018-06-04 12:42:46,1
2018-06-04 12:36:19,1
2018-06-04 12:21:37,1
2018-06-04 12:21:31,1
2018-06-04 11:43:46,1
2018-06-03 16:25:59,1
2018-06-03 15:01:43,1
2018-06-02 22:47:29,1
2018-06-02 22:47:10,1
2018-06-02 21:11:31,1
2018-06-02 18:00:20,1
2018-06-02 16:29:36,1
2018-06-02 16:02:37,1
2018-06-02 14:00:43,1
2018-06-01 22:08:21,1
2018-06-01 21:41:59,1
2018-06-01 21:27:53,1
2018-06-01 21:27:51,1
2018-06-01 19:12:21,1
2018-06-01 19:12:19,1
2018-06-01 19:07:01,1
2018-06-01 18:37:22,1
2018-06-01 18:09:28,1
2018-06-01 17:28:57,1
2018-06-01 17:28:09,1
2018-06-01 16:58:27,1
2018-06-01 16:35:59,1
2018-06-01 16:19:36,1
2018-06-01 16:17:19,1
2018-06-01 16:02:00,1
2018-06-01 15:57:44,1
2018-06-01 15:51:51,1
2018-06-01 15:02:51,1
2018-06-01 14:53:21,1
2018-06-01 14:53:19,1
2018-06-01 14:32:56,1
2018-06-01 14:32:54,1
2018-06-01 11:24:38,1
2018-05-31 22:22:31,1
2018-05-31 22:22:22,1
2018-05-31 21:35:55,1
2018-05-31 21:08:29,1
2018-05-31 21:02:34,1
2018-05-31 19:01:29,1
2018-05-31 18:17:40,1
2018-05-31 17:27:54,1
2018-05-31 16:09:28,1
2018-05-31 15:43:25,1
2018-05-31 13:51:49,1
2018-05-31 13:19:49,1
2018-05-31 13:16:30,1
2018-05-31 03:13:50,1
2018-05-30 23:17:11,1
2018-05-30 21:11:30,1
2018-05-30 21:11:20,1
2018-05-30 21:11:16,1
2018-05-30 20:33:19,1
2018-05-30 19:45:37,1
2018-05-30 18:34:23,1
2018-05-30 18:25:28,1
2018-05-30 18:12:40,1
2018-05-30 17:36:31,1
2018-05-30 17:34:25,1
2018-05-30 17:33:12,1
2018-05-30 17:27:50,1
2018-05-30 17:21:47,1
2018-05-30 17:19:19,1
2018-05-30 17:19:17,1
2018-05-30 17:04:30,1
2018-05-30 17:01:35,1
2018-05-30 17:01:33,1
2018-05-30 16:58:26,1
2018-05-30 16:16:35,1
2018-05-30 00:12:57,1
2018-05-29 23:28:45,1
2018-05-29 21:39:30,1
2018-05-29 21:39:21,1
2018-05-29 20:02:17,1
2018-05-29 19:37:23,1
2018-05-29 19:04:39,1
2018-05-29 17:14:11,1
2018-05-29 02:38:45,1
2018-05-28 20:13:40,1
2018-05-28 20:13:38,1
2018-05-28 17:20:56,1
2018-05-28 17:17:33,1
2018-05-28 17:16:38,1
2018-05-28 17:14:29,1
2018-05-28 17:07:27,1
2018-05-28 17:01:50,1
2018-05-28 15:56:39,1
2018-05-28 15:02:24,1
2018-05-28 14:16:20,1
2018-05-28 14:16:12,1
2018-05-28 14:16:02,1
2018-05-28 11:04:23,1
2018-05-27 20:53:02,1
2018-05-27 20:11:06,1
2018-05-27 15:29:08,1
2018-05-27 13:14:59,1
2018-05-27 03:20:45,1
2018-05-27 01:51:50,1
2018-05-27 00:36:45,1
2018-05-26 16:31:32,1
2018-05-26 16:31:28,1
2018-05-26 16:30:55,1
2018-05-26 14:21:23,1
2018-05-26 14:21:17,1
2018-05-25 20:44:08,1
2018-05-25 17:26:13,1
2018-05-25 17:26:04,1
2018-05-25 17:13:16,1
2018-05-25 16:00:01,1
2018-05-25 15:59:57,1
2018-05-25 15:24:14,1
2018-05-25 15:24:02,1
2018-05-25 15:15:19,1
2018-05-25 14:20:20,1
2018-05-25 12:46:46,1
2018-05-25 12:46:44,1
2018-05-25 02:08:27,1
2018-05-25 02:06:57,1
2018-05-25 02:06:41,1
2018-05-25 00:54:21,1
2018-05-24 21:19:23,1
2018-05-24 20:25:15,1
2018-05-24 19:44:19,1
2018-05-24 19:11:03,1
2018-05-24 18:42:21,1
2018-05-24 18:07:58,1
2018-05-24 18:07:56,1
2018-05-24 17:55:55,1
2018-05-24 17:51:16,1
2018-05-24 17:51:14,1
2018-05-24 17:51:08,1
2018-05-24 16:59:23,1
2018-05-24 16:39:35,1
2018-05-24 16:30:46,1
2018-05-24 16:28:14,1
2018-05-24 16:19:43,1
2018-05-24 14:33:19,1
2018-05-24 13:47:16,1
2018-05-24 02:51:49,1
2018-05-24 02:45:02,1
2018-05-24 02:44:36,1
2018-05-24 02:43:56,1
2018-05-24 02:43:37,1
2018-05-24 01:16:54,1
2018-05-24 00:41:57,1
2018-05-24 00:16:02,1
2018-05-23 23:43:15,1
2018-05-23 21:43:51,1
2018-05-23 20:35:09,1
2018-05-23 19:56:35,1
2018-05-23 19:52:48,1
2018-05-23 19:48:56,1
2018-05-23 19:42:16,1
2018-05-23 19:31:50,1
2018-05-23 19:31:41,1
2018-05-23 19:31:39,1
2018-05-23 18:15:41,1
2018-05-23 18:02:05,1
2018-05-23 17:55:35,1
2018-05-23 17:34:20,1
2018-05-23 17:04:42,1
2018-05-23 16:31:46,1
2018-05-23 16:31:32,1
2018-05-23 16:11:15,1
2018-05-23 16:11:14,1
2018-05-23 16:07:17,1
2018-05-23 16:07:14,1
2018-05-23 16:07:11,1
2018-05-23 16:07:09,1
2018-05-23 15:23:07,1
2018-05-23 15:18:35,1
2018-05-23 14:19:44,1
2018-05-23 14:19:26,1
2018-05-23 13:26:20,1
2018-05-23 12:05:10,1
2018-05-23 12:01:44,1
2018-05-23 11:57:09,1
2018-05-23 02:33:52,1
2018-05-23 00:42:49,1
2018-05-23 00:42:47,1
2018-05-23 00:42:38,1
2018-05-23 00:42:32,1
2018-05-23 00:42:30,1
2018-05-22 23:30:05,1
2018-05-22 22:05:20,1
2018-05-22 22:05:18,1
2018-05-22 20:16:52,1
2018-05-22 19:37:03,1
2018-05-22 19:06:23,1
2018-05-22 18:41:49,1
2018-05-22 18:24:40,1
2018-05-22 17:39:12,1
2018-05-22 17:39:09,1
2018-05-22 16:56:11,1
2018-05-22 16:06:26,1
2018-05-22 16:06:20,1
2018-05-22 03:08:00,1
2018-05-22 00:44:37,1
2018-05-22 00:44:32,1
2018-05-22 00:44:29,1
2018-05-21 23:05:47,1
2018-05-21 21:45:41,1
2018-05-21 21:45:38,1
2018-05-21 20:15:30,1
2018-05-21 19:22:54,1
2018-05-21 19:17:53,1
2018-05-21 18:29:22,1
2018-05-21 18:29:20,1
2018-05-21 18:29:18,1
2018-05-21 13:18:49,1
2018-05-21 13:18:34,1
2018-05-21 13:18:31,1
2018-05-21 13:18:29,1
2018-05-21 13:18:07,1
2018-05-21 13:18:04,1
2018-05-21 13:17:58,1
2018-05-19 19:35:50,1
2018-05-19 18:04:52,1
2018-05-19 18:04:50,1
2018-05-19 18:04:47,1
2018-05-19 18:04:39,1
2018-05-18 20:25:31,1
2018-05-18 20:09:29,1
2018-05-18 16:27:28,1
2018-05-18 15:47:14,1
2018-05-18 15:47:12,1
2018-05-18 15:47:05,1
2018-05-18 13:42:35,1
2018-05-18 13:42:33,1
2018-05-18 13:42:22,1
2018-05-18 02:07:55,1
2018-05-18 02:07:53,1
2018-05-17 22:20:11,1
2018-05-17 22:20:08,1
2018-05-17 22:20:05,1
2018-05-17 21:03:50,1
2018-05-17 20:40:00,1
2018-05-17 20:39:57,1
2018-05-17 20:39:54,1
2018-05-17 20:39:52,1
2018-05-17 20:39:49,1
2018-05-17 20:39:46,1
2018-05-17 15:26:59,1
2018-05-17 15:26:57,1
2018-05-17 15:26:55,1
2018-05-17 11:57:35,1
2018-05-17 00:29:33,1
2018-05-17 00:29:31,1
2018-05-17 00:29:30,1
2018-05-16 19:57:35,1
2018-05-16 18:28:32,1
2018-05-16 17:22:59,1
2018-05-16 16:19:07,1
2018-05-16 16:19:05,1
2018-05-16 14:12:42,1
2018-05-16 14:12:41,1
2018-05-16 14:12:09,1
2018-05-16 14:12:07,1
2018-05-16 14:12:05,1
2018-05-15 21:13:27,1
2018-05-15 20:50:54,1
2018-05-15 20:50:51,1
2018-05-15 20:31:07,1
2018-05-15 18:59:49,1
2018-05-15 18:42:10,1
2018-05-15 12:39:25,1
2018-05-15 12:39:23,1
2018-05-15 12:39:18,1
2018-05-14 21:25:23,1
2018-05-14 20:46:35,1
2018-05-14 20:08:28,1
2018-05-14 19:50:18,1
2018-05-14 19:50:14,1
2018-05-14 16:32:51,1
2018-05-14 16:32:42,1
2018-05-14 15:32:25,1
2018-05-14 13:33:40,1
2018-05-14 13:02:50,1
2018-05-14 11:15:53,1
2018-05-14 11:15:50,1
2018-05-13 20:12:53,1
2018-05-13 19:23:04,1
2018-05-13 19:23:02,1
2018-05-13 14:06:40,1
2018-05-13 13:06:37,1
2018-05-13 12:31:32,1
2018-05-12 22:26:09,1
2018-05-12 22:26:06,1
2018-05-12 22:25:54,1
2018-05-12 22:25:45,1
2018-05-12 22:25:41,1
2018-05-12 14:16:48,1
2018-05-11 23:51:20,1
2018-05-11 20:58:16,1
2018-05-11 20:41:29,1
2018-05-11 20:41:24,1
2018-05-11 19:33:44,1
2018-05-11 18:32:20,1
2018-05-11 15:21:51,1
2018-05-11 13:01:06,1
2018-05-11 13:01:03,1
2018-05-11 13:01:01,1
2018-05-11 13:00:57,1
2018-05-11 13:00:53,1
2018-05-11 13:00:51,1
2018-05-11 13:00:49,1
2018-05-10 15:04:31,1
2018-05-10 15:04:29,1
2018-05-10 14:02:47,1
2018-05-10 10:02:10,1
2018-05-10 02:20:40,1
2018-05-10 01:20:00,1
2018-05-10 01:18:29,1
2018-05-10 01:14:27,1
2018-05-10 01:14:25,1
2018-05-10 01:14:20,1
2018-05-10 01:14:19,1
2018-05-09 20:23:31,1
2018-05-09 20:23:28,1
2018-05-09 20:23:26,1
2018-05-09 17:31:43,1
2018-05-09 17:31:40,1
2018-05-09 17:31:38,1
2018-05-09 14:56:12,1
2018-05-09 14:56:10,1
2018-05-09 14:17:16,1
2018-05-09 14:17:12,1
2018-05-09 14:17:08,1
2018-05-09 14:17:05,1
2018-05-09 14:17:02,1
2018-05-09 14:16:58,1
2018-05-09 14:16:55,1
2018-05-09 14:16:52,1
2018-05-08 20:38:53,1
2018-05-08 20:38:49,1
2018-05-08 20:38:46,1
2018-05-08 18:56:54,1
2018-05-08 18:51:22,1
2018-05-08 18:51:19,1
2018-05-08 18:51:17,1
2018-05-08 17:41:29,1
2018-05-08 17:41:26,1
2018-05-08 17:41:22,1
2018-05-07 16:33:33,1
2018-05-07 16:33:31,1
2018-05-07 15:06:43,1
2018-05-06 18:22:43,1
2018-05-06 18:22:40,1
2018-05-06 18:22:38,1
2018-05-06 18:22:35,1
2018-05-05 21:38:11,1
2018-05-05 17:37:23,1
2018-05-05 16:27:18,1
2018-05-05 16:27:15,1
2018-05-04 23:34:37,1
2018-05-04 22:58:00,1
2018-05-04 22:57:59,1
2018-05-04 22:57:57,1
2018-05-04 22:57:00,1
2018-05-04 22:00:27,1
2018-05-04 22:00:26,1
2018-05-04 19:11:55,1
2018-05-04 19:11:53,1
2018-05-04 19:11:51,1
2018-05-04 14:49:32,1
2018-05-04 14:49:28,1
2018-05-03 21:21:25,1
2018-05-03 21:21:22,1
2018-05-03 18:22:34,1
2018-05-03 16:56:28,1
2018-05-03 16:56:25,1
2018-05-03 16:56:22,1
2018-05-03 16:27:42,1
2018-05-03 15:50:35,1
2018-05-03 15:29:35,1
2018-05-03 13:56:32,1
2018-05-02 22:42:00,1
2018-05-02 20:39:20,1
2018-05-02 20:31:30,1
2018-05-02 20:16:42,1
2018-05-02 18:17:05,1
2018-05-02 16:45:49,1
2018-05-02 16:08:20,1
2018-05-02 15:48:57,1
2018-05-02 15:17:48,1
2018-05-02 14:47:07,1
2018-05-02 13:55:13,1
2018-05-01 19:44:47,1
2018-05-01 18:14:56,1
2018-05-01 16:59:25,1
2018-05-01 16:03:26,1
2018-05-01 15:24:07,1
2018-04-29 04:37:12,1
2018-04-29 04:35:42,1
2018-04-29 01:18:20,1
2018-04-29 01:17:42,1
2018-04-28 14:33:50,1
2018-04-27 20:05:12,1
2018-04-27 20:03:10,1
2018-04-27 20:03:08,1
2018-04-27 14:50:24,1
2018-04-26 22:22:00,1
2018-04-26 22:16:03,1
2018-04-26 20:35:45,1
2018-04-26 20:10:42,1
2018-04-26 20:10:33,1
2018-04-26 15:26:51,1
2018-04-26 14:50:31,1
2018-04-26 14:50:25,1
2018-04-25 23:55:03,1
2018-04-25 18:49:05,1
2018-04-25 16:48:45,1
2018-04-25 13:43:43,1
2018-04-24 20:21:24,1
2018-04-24 19:19:12,1
2018-04-24 18:42:30,1
2018-04-24 17:57:28,1
2018-04-24 17:57:00,1
2018-04-24 16:44:47,1
2018-04-24 16:44:41,1
2018-04-24 16:44:33,1
2018-04-23 17:56:34,1
2018-04-23 17:56:16,1
2018-04-23 17:56:07,1
2018-04-22 20:14:46,1
2018-04-21 16:19:59,1
2018-04-21 15:48:24,1
2018-04-21 15:48:21,1
2018-04-21 15:48:19,1
2018-04-20 21:25:08,1
2018-04-20 21:13:11,1
2018-04-20 20:50:13,1
2018-04-20 20:49:58,1
2018-04-20 18:28:55,1
2018-04-19 22:31:57,1
2018-04-19 21:54:38,1
2018-04-19 21:45:02,1
2018-04-19 21:34:09,1
2018-04-19 20:50:49,1
2018-04-19 20:50:41,1
2018-04-19 20:22:39,1
2018-04-19 19:52:06,1
2018-04-19 18:27:57,1
2018-04-19 17:16:20,1
2018-04-19 15:54:26,1
2018-04-19 15:54:24,1
2018-04-19 15:01:00,1
2018-04-19 03:24:21,1
2018-04-19 01:55:16,1
2018-04-19 01:55:14,1
2018-04-19 01:48:45,1
2018-04-19 01:48:15,1
2018-04-19 01:47:32,1
2018-04-19 01:47:09,1
2018-04-18 21:33:22,1
2018-04-18 21:33:20,1
2018-04-18 17:42:57,1
2018-04-18 17:42:44,1
2018-04-18 16:44:36,1
2018-04-18 12:49:31,1
2018-04-18 12:48:36,1
2018-04-18 12:47:53,1
2018-04-18 12:47:37,1
2018-04-18 12:47:25,1
2018-04-18 12:47:21,1
2018-04-18 12:47:06,1
2018-04-18 12:46:36,1
2018-04-18 02:32:18,1
2018-04-18 02:26:16,1
2018-04-17 20:50:29,1
2018-04-17 19:08:17,1
2018-04-17 18:37:23,1
2018-04-17 18:24:34,1
2018-04-17 18:24:27,1
2018-04-17 18:24:20,1
2018-04-17 18:24:15,1
2018-04-17 18:24:11,1
2018-04-17 18:23:37,1
2018-04-17 18:23:18,1
2018-04-17 18:22:30,1
2018-04-17 18:21:48,1
2018-04-17 18:21:38,1
2018-04-16 15:39:50,1
2018-04-16 15:39:40,1
2018-04-16 15:35:59,1
2018-04-15 12:40:35,1
2018-04-15 12:40:25,1
2018-04-15 12:38:45,1
2018-04-15 12:37:55,1
2018-04-14 15:23:25,1
2018-04-14 15:23:03,1
2018-04-14 15:22:13,1
2018-04-14 15:21:25,1
2018-04-14 15:21:14,1
2018-04-14 15:19:53,1
2018-04-14 15:19:37,1
2018-04-14 05:27:51,1
2018-04-13 21:42:08,1
2018-04-12 19:04:21,1
2018-04-12 19:04:17,1
2018-04-12 17:07:22,1
2018-04-12 16:53:16,1
2018-04-12 16:53:09,1
2018-04-11 19:47:41,1
2018-04-11 16:36:48,1
2018-04-11 15:47:56,1
2018-04-11 11:09:29,1
2018-04-10 21:54:36,1
2018-04-10 18:30:53,1
2018-04-10 14:02:51,1
2018-04-10 14:02:50,1
2018-04-10 14:02:33,1
2018-04-10 14:02:27,1
2018-04-10 13:31:30,1
2018-04-09 19:37:17,1
2018-04-09 19:19:34,1
2018-04-09 16:55:54,1
2018-04-06 20:28:28,1
2018-04-06 20:28:26,1
2018-04-06 16:27:04,1
2018-04-05 20:29:03,1
2018-04-05 20:18:16,1
2018-04-05 15:59:01,1
2018-04-05 15:58:58,1
2018-04-05 15:58:33,1
2018-04-04 15:06:59,1
2018-04-04 14:51:31,1
2018-04-03 21:49:24,1
2018-04-03 20:06:31,1
2018-04-03 19:43:11,1
2018-04-03 02:03:36,1
2018-04-03 00:45:10,1
2018-04-03 00:37:43,1
2018-04-03 00:37:40,1
2018-04-03 00:37:39,1
2018-04-02 16:41:13,1
2018-04-02 15:41:21,1
2018-04-01 13:33:42,1
2018-04-01 13:33:32,1
2018-03-30 20:26:31,1
2018-03-29 22:30:09,1
2018-03-29 22:30:02,1
2018-03-29 22:29:53,1
2018-03-29 22:29:21,1
2018-03-29 22:29:13,1
2018-03-29 22:29:03,1
2018-03-29 22:28:15,1
2018-03-29 22:28:10,1
2018-03-29 22:28:06,1
2018-03-29 22:28:00,1
2018-03-29 20:08:07,1
2018-03-29 20:00:15,1
2018-03-29 19:45:15,1
2018-03-29 19:15:46,1
2018-03-29 19:15:14,1
2018-03-29 16:23:25,1
2018-03-29 16:23:15,1
2018-03-29 16:22:57,1
2018-03-28 21:35:41,1
2018-03-28 19:53:07,1
2018-03-28 16:23:39,1
2018-03-28 16:15:21,1
2018-03-28 13:35:41,1
2018-03-28 13:35:39,1
2018-03-28 13:35:38,1
2018-03-28 03:47:32,1
2018-03-28 03:47:27,1
2018-03-27 18:36:24,1
2018-03-26 21:06:08,1
2018-03-25 13:47:42,1
2018-03-25 13:10:26,1
2018-03-24 16:41:56,1
2018-03-24 03:20:13,1
2018-03-23 23:01:45,1
2018-03-23 20:51:23,1
2018-03-23 16:59:05,1
2018-03-23 13:05:41,1
2018-03-23 13:05:39,1
2018-03-22 22:26:58,1
2018-03-22 20:14:02,1
2018-03-22 20:13:59,1
2018-03-22 18:42:25,1
2018-03-21 19:55:27,1
2018-03-21 19:52:17,1
2018-03-20 22:03:57,1
2018-03-20 22:03:27,1
2018-03-20 22:03:03,1
2018-03-20 22:01:26,1
2018-03-19 22:44:57,1
2018-03-19 22:44:51,1
2018-03-19 22:44:31,1
2018-03-19 22:44:23,1
2018-03-19 22:44:13,1
2018-03-19 22:44:06,1
2018-03-19 22:43:53,1
2018-03-19 22:38:41,1
2018-03-17 15:03:28,1
2018-03-16 17:43:25,1
2018-03-16 14:42:35,1
2018-03-15 23:12:45,1
2018-03-15 17:51:43,1
2018-03-15 17:51:40,1
2018-03-15 17:51:35,1
2018-03-15 04:33:39,1
2018-03-14 23:49:38,1
2018-03-14 22:38:04,1
2018-03-14 21:32:10,1
2018-03-14 21:23:53,1
2018-03-14 14:25:10,1
2018-03-14 14:25:07,1
2018-03-14 14:25:06,1
2018-03-14 00:45:56,1
2018-03-14 00:26:35,1
2018-03-13 22:31:47,1
2018-03-13 16:56:25,1
2018-03-13 14:39:51,1
2018-03-13 13:01:30,1
2018-03-13 02:59:14,1
2018-03-13 01:00:29,1
2018-03-12 21:20:54,1
2018-03-12 21:13:24,1
2018-03-11 02:40:30,1
2018-03-11 02:40:08,1
2018-03-10 16:18:49,1
2018-03-10 13:41:26,1
2018-03-10 00:50:57,1
2018-03-09 22:50:16,1
2018-03-09 22:50:12,1
2018-03-09 19:16:36,1
2018-03-09 16:49:29,1
2018-03-09 16:49:22,1
2018-03-09 01:15:05,1
2018-03-08 22:18:52,1
2018-03-08 22:18:50,1
2018-03-08 18:59:05,1
2018-03-08 18:21:26,1
2018-03-08 18:21:12,1
2018-03-08 18:20:53,1
2018-03-05 23:24:30,1
2018-03-03 16:35:13,1
2018-03-03 14:16:52,1
2018-03-02 19:50:43,1
2018-03-02 04:51:37,1
2018-03-02 04:51:35,1
2018-03-02 04:51:33,1
2018-03-01 20:41:11,1
2018-03-01 18:30:53,1
2018-03-01 18:30:51,1
2018-02-28 18:37:09,1
2018-02-28 18:28:30,1
2018-02-28 18:27:49,1
2018-02-28 17:14:29,1
2018-02-28 15:59:46,1
2018-02-28 15:34:15,1
2018-02-28 15:33:59,1
2018-02-28 12:30:34,1
2018-02-28 12:30:33,1
2018-02-27 18:19:23,1
2018-02-25 19:44:32,1
2018-02-25 03:12:20,1
2018-02-25 03:12:18,1
2018-02-24 21:35:19,1
2018-02-24 21:30:04,1
2018-02-24 21:30:02,1
2018-02-24 19:18:14,1
2018-02-24 19:17:53,1
2018-02-24 19:17:37,1
2018-02-24 14:29:25,1
2018-02-24 14:29:22,1
2018-02-23 22:47:13,1
2018-02-23 21:21:32,1
2018-02-23 17:15:42,1
2018-02-23 17:15:40,1
2018-02-23 17:15:37,1
2018-02-23 14:38:36,1
2018-02-23 14:38:32,1
2018-02-23 03:50:14,1
2018-02-23 03:49:45,1
2018-02-22 20:09:17,1
2018-02-22 01:41:30,1
2018-02-21 21:15:04,1
2018-02-21 18:21:08,1
2018-02-21 18:21:04,1
2018-02-20 18:20:56,1
2018-02-17 22:06:33,1
2018-02-17 22:05:21,1
2018-02-17 22:04:28,1
2018-02-17 22:03:55,1
2018-02-17 05:07:26,1
2018-02-16 15:02:55,1
2018-02-16 15:02:55,1
2018-02-15 20:19:35,1
2018-02-15 19:31:15,1
2018-02-15 19:31:13,1
2018-02-15 17:36:58,1
2018-02-15 12:21:52,1
2018-02-14 22:01:27,1
2018-02-14 20:55:19,1
2018-02-14 20:55:17,1
2018-02-14 19:13:12,1
2018-02-14 18:18:49,1
2018-02-13 02:48:11,1
2018-02-11 20:47:50,1
2018-02-11 20:47:46,1
2018-02-11 16:40:59,1
2018-02-10 21:20:20,1
2018-02-10 04:43:01,1
2018-02-09 13:42:46,1
2018-02-09 04:23:06,1
2018-02-09 04:23:03,1
2018-02-08 23:27:07,1
2018-02-08 18:44:11,1
2018-02-08 17:15:45,1
2018-02-08 04:46:54,1
2018-02-08 04:46:47,1
2018-02-07 22:45:55,1
2018-02-07 22:14:03,1
2018-02-07 18:03:45,1
2018-02-07 03:07:09,1
2018-02-07 00:48:19,1
2018-02-06 22:47:55,1
2018-02-06 16:07:15,1
2018-02-06 16:03:07,1
2018-02-06 15:09:33,1
2018-02-06 15:09:32,1
2018-02-06 01:39:06,1
2018-02-05 04:05:11,1
2018-02-04 16:59:46,1
2018-02-02 22:28:59,1
2018-02-02 18:08:08,1
2018-02-02 18:08:06,1
2018-01-31 20:54:23,1
2018-01-31 20:53:23,1
2018-01-31 20:52:56,1
2018-01-31 20:52:41,1
2018-01-31 20:52:05,1
2018-01-31 20:51:58,1
2018-01-31 14:03:06,1
2018-01-31 12:48:54,1
2018-01-31 12:48:46,1
2018-01-31 12:48:42,1
2018-01-31 12:48:37,1
2018-01-31 12:48:27,1
2018-01-31 12:48:09,1
2018-01-31 12:48:03,1
2018-01-31 12:47:51,1
2018-01-31 12:47:45,1
2018-01-31 12:47:37,1
2018-01-31 12:47:22,1
2018-01-31 12:47:17,1
2018-01-31 12:47:08,1
2018-01-31 07:32:11,1
2018-01-31 07:31:22,1
2018-01-31 07:31:07,1
2018-01-31 06:18:32,1
2018-01-31 06:17:33,1
2018-01-31 06:16:37,1
2018-01-31 06:09:29,1
2018-01-31 06:09:13,1
2018-01-31 06:08:32,1
2018-01-31 06:07:52,1
2018-01-31 04:58:47,1
2018-01-31 04:58:38,1
2018-01-31 04:58:27,1
2018-01-31 04:58:21,1
2018-01-31 04:58:13,1
2018-01-31 04:58:06,1
2018-01-31 04:57:58,1
2018-01-31 04:00:46,1
2018-01-31 04:00:40,1
2018-01-31 04:00:38,1
2018-01-31 03:31:24,1
2018-01-31 03:31:22,1
2018-01-31 03:30:13,1
2018-01-31 03:27:51,1
2018-01-31 03:27:49,1
2018-01-31 03:23:48,1
2018-01-31 03:23:46,1
2018-01-31 03:21:20,1
2018-01-31 03:21:17,1
2018-01-31 03:21:10,1
2018-01-31 03:20:56,1
2018-01-31 03:15:17,1
2018-01-31 03:15:14,1
2018-01-31 03:15:12,1
2018-01-31 03:14:59,1
2018-01-31 03:14:52,1
2018-01-31 03:14:50,1
2018-01-31 03:14:48,1
2018-01-31 03:14:39,1
2018-01-31 03:14:36,1
2018-01-31 03:14:34,1
2018-01-31 03:14:32,1
2018-01-31 03:14:13,1
2018-01-31 03:14:07,1
2018-01-31 02:55:47,1
2018-01-31 02:55:26,1
2018-01-31 02:48:18,1
2018-01-31 02:48:08,1
2018-01-31 02:38:00,1
2018-01-31 02:35:30,1
2018-01-31 02:34:46,1
2018-01-31 02:32:34,1
2018-01-31 02:31:40,1
2018-01-31 02:29:30,1
2018-01-31 02:28:31,1
2018-01-31 02:28:15,1
2018-01-31 02:25:30,1
2018-01-31 02:24:22,1
2018-01-31 02:24:12,1
2018-01-31 02:18:50,1
2018-01-31 02:18:34,1
2018-01-31 02:15:08,1
2018-01-31 02:04:45,1
2018-01-31 02:00:19,1
2018-01-31 01:52:50,1
2018-01-31 01:52:09,1
2018-01-31 01:51:26,1
2018-01-30 18:07:05,1
2018-01-30 18:06:58,1
2018-01-30 18:06:52,1
2018-01-30 18:06:45,1
2018-01-30 18:06:36,1
2018-01-30 18:06:21,1
2018-01-30 18:06:03,1
2018-01-30 18:05:05,1
2018-01-30 18:04:47,1
2018-01-30 18:04:33,1
2018-01-30 18:04:22,1
2018-01-30 16:53:56,1
2018-01-30 16:53:48,1
2018-01-30 16:53:42,1
2018-01-29 20:13:55,1
2018-01-28 17:20:04,1
2018-01-28 17:20:03,1
2018-01-28 04:10:09,1
2018-01-28 04:10:08,1
2018-01-27 23:01:45,1
2018-01-27 20:44:16,1
2018-01-27 20:41:34,1
2018-01-27 19:35:44,1
2018-01-27 16:29:37,1
2018-01-26 23:28:12,1
2018-01-26 17:18:20,1
2018-01-26 17:18:17,1
2018-01-26 14:37:41,1
2018-01-26 14:37:36,1
2018-01-26 14:37:34,1
2018-01-26 12:54:49,1
2018-01-26 11:45:18,1
2018-01-26 11:05:36,1
2018-01-26 10:17:41,1
2018-01-25 22:41:03,1
2018-01-25 18:07:31,1
2018-01-25 17:37:20,1
2018-01-25 00:34:00,1
2018-01-25 00:33:21,1
2018-01-24 22:54:15,1
2018-01-24 20:29:52,1
2018-01-24 13:45:12,1
2018-01-24 02:39:44,1
2018-01-21 23:57:16,1
2018-01-21 23:55:40,1
2018-01-21 19:10:36,1
2018-01-21 19:08:37,1
2018-01-21 19:07:03,1
2018-01-21 19:06:59,1
2018-01-21 06:52:01,1
2018-01-21 02:28:49,1
2018-01-20 23:44:43,1
2018-01-20 23:34:39,1
2018-01-20 23:34:29,1
2018-01-20 19:17:52,1
2018-01-20 19:16:57,1
2018-01-20 18:55:37,1
2018-01-20 18:53:48,1
2018-01-20 18:12:09,1
2018-01-20 18:11:55,1
2018-01-20 18:09:50,1
2018-01-20 18:09:35,1
2018-01-20 18:09:14,1
2018-01-20 18:08:32,1
2018-01-20 18:07:32,1
2018-01-20 17:14:22,1
2018-01-20 17:14:06,1
2018-01-20 17:14:01,1
2018-01-20 17:13:41,1
2018-01-20 17:13:25,1
2018-01-20 17:13:24,1
2018-01-20 02:34:51,1
2018-01-19 22:18:38,1
2018-01-19 21:05:26,1
2018-01-19 19:59:47,1
2018-01-19 19:59:41,1
2018-01-19 19:59:35,1
2018-01-19 19:59:29,1
2018-01-19 19:59:23,1
2018-01-19 19:59:17,1
2018-01-19 18:40:38,1
2018-01-19 16:29:11,1
2018-01-19 16:14:59,1
2018-01-19 03:12:57,1
2018-01-19 02:19:47,1
2018-01-19 02:19:28,1
2018-01-19 02:19:25,1
2018-01-18 23:40:24,1
2018-01-18 23:34:33,1
2018-01-18 23:34:25,1
2018-01-18 23:34:18,1
2018-01-18 23:34:00,1
2018-01-18 23:33:49,1
2018-01-18 21:07:32,1
2018-01-18 20:47:08,1
2018-01-17 23:39:12,1
2018-01-17 23:39:10,1
2018-01-17 23:39:07,1
2018-01-17 23:19:51,1
2018-01-17 00:53:24,1
2018-01-17 00:53:18,1
2018-01-17 00:53:12,1
2018-01-17 00:53:06,1
2018-01-17 00:52:58,1
2018-01-17 00:52:52,1
2018-01-17 00:52:44,1
2018-01-17 00:52:39,1
2018-01-17 00:52:30,1
2018-01-16 23:21:18,1
2018-01-16 23:21:17,1
2018-01-16 21:15:54,1
2018-01-16 21:15:12,1
2018-01-16 21:15:03,1
2018-01-16 21:15:00,1
2018-01-16 20:18:15,1
2018-01-16 20:18:13,1
2018-01-15 19:05:30,1
2018-01-15 19:05:22,1
2018-01-15 19:04:59,1
2018-01-13 13:15:43,1
2018-01-13 13:15:41,1
2018-01-13 13:15:39,1
2018-01-12 17:57:49,1
2018-01-12 05:06:54,1
2018-01-12 05:06:51,1
2018-01-12 05:06:50,1
2018-01-12 02:55:07,1
2018-01-12 02:55:05,1
2018-01-12 02:55:03,1
2018-01-12 01:09:02,1
2018-01-11 23:34:01,1
2018-01-11 23:27:33,1
2018-01-11 15:49:21,1
2018-01-11 15:48:35,1
2018-01-11 15:45:49,1
2018-01-11 15:45:14,1
2018-01-11 15:44:29,1
2018-01-11 04:43:44,1
2018-01-11 04:43:24,1
2018-01-11 04:43:14,1
2018-01-10 23:08:08,1
2018-01-10 21:33:26,1
2018-01-10 20:12:19,1
2018-01-10 16:37:40,1
2018-01-10 11:05:58,1
2018-01-10 04:24:30,1
2018-01-10 03:28:08,1
2018-01-10 03:28:06,1
2018-01-09 23:15:03,1
2018-01-09 23:15:01,1
2018-01-09 23:12:45,1
2018-01-09 23:12:38,1
2018-01-09 23:12:27,1
2018-01-09 23:12:17,1
2018-01-09 23:11:49,1
2018-01-09 20:23:50,1
2018-01-09 20:20:54,1
2018-01-09 17:26:36,1
2018-01-09 00:53:51,1
2018-01-09 00:52:54,1
2018-01-09 00:52:14,1
2018-01-09 00:51:33,1
2018-01-09 00:50:52,1
2018-01-09 00:50:15,1
2018-01-09 00:49:20,1
2018-01-08 23:34:39,1
2018-01-08 23:20:25,1
2018-01-08 23:01:03,1
2018-01-08 23:01:01,1
2018-01-08 19:33:41,1
2018-01-08 19:33:38,1
2018-01-08 19:33:07,1
2018-01-08 19:12:12,1
2018-01-08 18:02:59,1
2018-01-08 18:02:56,1
2018-01-08 18:02:30,1
2018-01-05 00:12:57,1
2018-01-04 23:54:12,1
2018-01-04 02:10:04,1
2018-01-04 01:16:20,1
2018-01-04 01:16:19,1
2018-01-03 06:03:53,1
2018-01-03 06:02:37,1
2018-01-03 06:02:25,1
2018-01-03 06:02:09,1
2018-01-03 06:01:38,1
2018-01-03 00:53:46,1
2018-01-03 00:49:01,1
2018-01-03 00:49:00,1
2018-01-02 22:24:52,1
2018-01-02 18:12:26,1
2018-01-02 12:34:58,1
2017-12-31 23:50:04,1
2017-12-31 23:50:02,1
2017-12-31 23:49:59,1
2017-12-31 19:16:58,1
2017-12-31 18:43:08,1
2017-12-31 04:53:37,1
2017-12-31 04:53:16,1
2017-12-30 23:03:58,1
2017-12-30 23:03:57,1
2017-12-30 23:03:55,1
2017-12-30 19:14:37,1
2017-12-30 19:14:35,1
2017-12-30 03:44:21,1
2017-12-28 23:43:10,1
2017-12-28 23:43:06,1
2017-12-28 23:42:57,1
2017-12-28 16:24:43,1
2017-12-28 16:24:41,1
2017-12-28 02:47:17,1
2017-12-28 02:47:11,1
2017-12-28 02:47:01,1
2017-12-26 23:15:46,1
2017-12-26 23:15:43,1
2017-12-26 23:15:27,1
2017-12-25 13:38:24,1
2017-12-25 03:54:59,1
2017-12-25 03:54:54,1
2017-12-25 03:54:41,1
2017-12-24 19:07:49,1
2017-12-24 19:06:56,1
2017-12-24 19:06:16,1
2017-12-24 19:06:06,1
2017-12-24 19:06:00,1
2017-12-24 03:20:11,1
2017-12-24 03:20:05,1
2017-12-24 03:19:25,1
2017-12-24 03:19:23,1
2017-12-22 23:17:38,1
2017-12-22 23:17:36,1
2017-12-22 20:48:14,1
2017-12-22 20:48:07,1
2017-12-22 20:48:05,1
2017-12-22 01:35:00,1
2017-12-22 01:34:47,1
2017-12-22 01:34:44,1
2017-12-22 01:34:43,1
2017-12-21 17:25:18,1
2017-12-21 17:24:37,1
2017-12-21 16:10:12,1
2017-12-21 16:09:08,1
2017-12-21 16:08:19,1
2017-12-21 16:08:06,1
2017-12-21 16:07:59,1
2017-12-21 16:07:57,1
2017-12-20 22:45:50,1
2017-12-20 22:45:35,1
2017-12-20 22:45:24,1
2017-12-20 22:44:44,1
2017-12-20 22:44:15,1
2017-12-20 22:43:40,1
2017-12-20 22:43:28,1
2017-12-20 22:43:13,1
2017-12-20 22:43:07,1
2017-12-20 22:42:56,1
2017-12-20 21:45:10,1
2017-12-20 18:33:31,1
2017-12-20 18:32:54,1
2017-12-20 18:32:33,1
2017-12-20 18:31:52,1
2017-12-20 18:30:25,1
2017-12-20 18:29:56,1
2017-12-20 18:10:06,1
2017-12-20 18:10:03,1
2017-12-20 16:47:11,1
2017-12-20 02:14:25,1
2017-12-20 02:04:47,1
2017-12-20 02:04:39,1
2017-12-20 02:04:18,1
2017-12-20 02:04:00,1
2017-12-19 20:45:11,1
2017-12-19 20:45:09,1
2017-12-19 20:45:07,1
2017-12-19 20:45:03,1
2017-12-19 20:39:46,1
2017-12-19 20:38:29,1
2017-12-19 20:18:46,1
2017-12-19 00:57:14,1
2017-12-18 23:50:03,1
2017-12-18 21:17:10,1
2017-12-18 21:17:07,1
2017-12-18 21:17:05,1
2017-12-18 19:35:52,1
2017-12-18 18:51:37,1
2017-12-18 18:41:17,1
2017-12-18 00:28:04,1
2017-12-17 21:14:26,1
2017-12-17 17:02:51,1
2017-12-16 20:32:06,1
2017-12-16 20:32:04,1
2017-12-16 05:47:10,1
2017-12-16 05:46:55,1
2017-12-16 05:46:50,1
2017-12-16 05:46:25,1
2017-12-16 05:46:07,1
2017-12-16 05:46:02,1
2017-12-16 05:45:53,1
2017-12-16 05:45:41,1
2017-12-16 05:44:39,1
2017-12-16 00:13:34,1
2017-12-15 22:56:48,1
2017-12-15 21:58:33,1
2017-12-15 19:49:05,1
2017-12-15 19:47:48,1
2017-12-15 13:56:57,1
2017-12-14 21:05:00,1
2017-12-14 21:04:48,1
2017-12-14 21:04:00,1
2017-12-14 21:03:07,1
2017-12-14 21:03:04,1
2017-12-14 21:03:01,1
2017-12-14 17:31:55,1
2017-12-12 22:25:20,1
2017-12-12 22:21:45,1
2017-12-11 20:36:48,1
2017-12-11 20:36:38,1
2017-12-11 20:35:44,1
2017-12-10 20:42:23,1
2017-12-10 20:42:22,1
2017-12-10 02:17:43,1
2017-12-09 18:19:56,1
2017-12-09 17:00:32,1
2017-12-09 13:43:42,1
2017-12-09 13:43:40,1
2017-12-08 23:35:24,1
2017-12-08 19:10:18,1
2017-12-08 19:09:44,1
2017-12-08 17:46:50,1
2017-12-08 05:41:25,1
2017-12-08 05:40:36,1
2017-12-07 21:56:56,1
2017-12-07 21:56:49,1
2017-12-07 21:56:42,1
2017-12-07 21:56:21,1
2017-12-07 21:20:01,1
2017-12-07 21:19:58,1
2017-12-07 21:19:56,1
2017-12-07 16:16:40,1
2017-12-07 15:49:06,1
2017-12-07 02:42:54,1
2017-12-07 02:42:53,1
2017-12-07 00:54:46,1
2017-12-07 00:54:42,1
2017-12-06 21:15:16,1
2017-12-06 18:07:27,1
2017-12-06 16:14:19,1
2017-12-06 15:16:07,1
2017-12-05 17:56:52,1
2017-12-03 16:58:08,1
2017-12-03 16:56:10,1
2017-12-03 16:55:52,1
2017-12-03 16:55:51,1
2017-12-03 16:55:38,1
2017-12-03 16:55:35,1
2017-12-03 16:55:34,1
2017-12-02 21:11:51,1
2017-12-02 07:49:24,1
2017-12-02 07:44:03,1
2017-12-02 07:43:56,1
2017-12-02 07:43:43,1
2017-12-01 21:52:06,1
2017-12-01 21:33:51,1
2017-12-01 21:32:52,1
2017-12-01 21:31:52,1
2017-12-01 21:31:37,1
2017-12-01 21:31:23,1
2017-12-01 21:28:41,1
2017-12-01 20:10:55,1
2017-12-01 18:14:08,1
2017-12-01 01:01:14,1
2017-12-01 01:01:09,1
2017-11-30 21:51:53,1
2017-11-30 19:28:58,1
2017-11-30 00:48:13,1
2017-11-29 23:29:44,1
2017-11-29 23:10:51,1
2017-11-29 20:15:46,1
2017-11-29 20:15:44,1
2017-11-29 20:15:28,1
2017-11-29 18:33:58,1
2017-11-29 14:51:58,1
2017-11-29 14:51:57,1
2017-11-29 14:19:08,1
2017-11-29 14:19:07,1
2017-11-29 14:19:05,1
2017-11-29 14:19:03,1
2017-11-29 14:18:53,1
2017-11-29 01:46:59,1
2017-11-29 00:34:30,1
2017-11-28 22:45:23,1
2017-11-28 22:30:17,1
2017-11-28 22:12:50,1
2017-11-28 21:58:35,1
2017-11-28 21:58:20,1
2017-11-28 21:58:03,1
2017-11-28 21:57:51,1
2017-11-28 21:57:46,1
2017-11-28 21:57:27,1
2017-11-28 21:57:19,1
2017-11-28 21:57:17,1
2017-11-28 21:57:12,1
2017-11-28 21:57:02,1
2017-11-28 19:33:21,1
2017-11-28 19:33:12,1
2017-11-28 19:33:03,1
2017-11-28 19:32:59,1
2017-11-27 16:05:07,1
2017-11-27 15:57:25,1
2017-11-25 23:34:05,1
2017-11-25 20:09:16,1
2017-11-24 15:28:27,1
2017-11-23 22:54:52,1
2017-11-23 22:54:22,1
2017-11-23 22:54:06,1
2017-11-23 22:54:03,1
2017-11-23 15:54:19,1
2017-11-22 18:54:52,1
2017-11-22 18:54:42,1
2017-11-22 14:08:04,1
2017-11-22 03:42:17,1
2017-11-21 22:55:34,1
2017-11-21 22:55:23,1
2017-11-21 22:54:43,1
2017-11-21 22:54:32,1
2017-11-21 22:52:04,1
2017-11-20 23:26:17,1
2017-11-20 23:26:15,1
2017-11-18 23:29:29,1
2017-11-18 23:29:04,1
2017-11-18 23:28:58,1
2017-11-18 23:28:46,1
2017-11-18 23:28:34,1
2017-11-18 04:06:34,1
2017-11-18 04:06:33,1
2017-11-18 04:05:57,1
2017-11-18 04:05:54,1
2017-11-18 04:05:22,1
2017-11-17 22:57:21,1
2017-11-16 21:01:15,1
2017-11-16 20:41:02,1
2017-11-16 20:40:58,1
2017-11-16 20:40:53,1
2017-11-16 20:40:52,1
2017-11-16 20:40:16,1
2017-11-16 20:39:38,1
2017-11-16 20:39:13,1
2017-11-16 20:39:08,1
2017-11-16 19:15:27,1
2017-11-16 18:15:59,1
2017-11-16 18:15:58,1
2017-11-15 13:34:01,1
2017-11-15 13:33:39,1
2017-11-15 13:33:28,1
2017-11-15 03:38:02,1
2017-11-15 03:37:59,1
2017-11-15 03:37:51,1
2017-11-14 17:41:24,1
2017-11-14 12:49:16,1
2017-11-14 12:49:01,1
2017-11-14 12:48:59,1
2017-11-14 09:36:59,1
2017-11-14 09:36:57,1
2017-11-14 09:36:56,1
2017-11-14 09:36:38,1
2017-11-14 09:35:44,1
2017-11-14 09:35:42,1
2017-11-14 07:24:28,1
2017-11-14 03:30:24,1
2017-11-13 21:42:19,1
2017-11-13 14:59:52,1
2017-11-13 12:34:12,1
2017-11-13 12:31:50,1
2017-11-13 12:31:46,1
2017-11-13 12:31:44,1
2017-11-13 12:31:33,1
2017-11-13 12:31:30,1
2017-11-13 12:31:28,1
2017-11-13 12:31:26,1
2017-11-12 14:25:51,1
2017-11-12 14:25:43,1
2017-11-12 14:25:33,1
2017-11-12 10:21:43,1
2017-11-12 04:23:22,1
2017-11-12 04:23:20,1
2017-11-12 04:23:12,1
2017-11-12 02:59:45,1
2017-11-12 02:36:35,1
2017-11-12 02:36:33,1
2017-11-12 00:19:21,1
2017-11-12 00:17:02,1
2017-11-11 23:37:11,1
2017-11-11 23:37:09,1
2017-11-11 23:35:09,1
2017-11-11 23:35:07,1
2017-11-11 23:35:05,1
2017-11-11 16:51:04,1
2017-11-11 16:51:02,1
2017-11-11 15:11:01,1
2017-11-11 15:10:55,1
2017-11-11 15:10:53,1
2017-11-11 13:45:00,1
2017-11-11 13:44:32,1
2017-11-11 13:44:27,1
2017-11-11 13:08:24,1
2017-11-11 13:08:24,1
2017-11-11 10:53:04,1
2017-11-11 10:53:04,1
2017-11-11 10:53:04,1
2017-11-10 13:24:55,1
2017-11-10 13:24:53,1
2017-11-10 13:24:48,1
2017-11-10 10:27:05,1
2017-11-10 10:09:25,1
2017-11-10 10:09:23,1
2017-11-10 09:41:27,1
2017-11-10 09:41:24,1
2017-11-10 09:41:18,1
2017-11-10 09:41:16,1
2017-11-10 09:41:14,1
2017-11-10 01:21:45,1
2017-11-10 01:07:20,1
2017-11-10 01:07:16,1
2017-11-10 01:07:11,1
2017-11-10 01:07:08,1
2017-11-10 01:06:51,1
2017-11-10 01:06:50,1
2017-11-10 01:06:33,1
2017-11-09 13:24:19,1
2017-11-09 13:23:30,1
2017-11-09 13:23:25,1
2017-11-09 13:23:14,1
2017-11-09 13:23:07,1
2017-11-09 13:23:03,1
2017-11-09 13:23:01,1
2017-11-09 13:22:59,1
2017-11-09 07:16:01,1
2017-11-09 07:14:26,1
2017-11-09 07:14:21,1
2017-11-09 07:13:46,1
2017-11-09 07:13:32,1
2017-11-09 07:13:27,1
2017-11-09 07:13:23,1
2017-11-09 03:31:25,1
2017-11-09 03:21:19,1
2017-11-09 03:14:24,1
2017-11-09 03:14:13,1
